Speed,Temperature,Vibration,Vibration_MA,Temp_Change,Anomaly
1502.4835707650561,41.399355436586,0.016624108625128094,0.0,0.0,0
1499.308678494144,40.92463368291277,0.019277406646422413,0.0,-0.47472175367322933,0
1503.2384426905035,40.05963036992017,0.016037900395000193,0.0,-0.8650033129925987,0
1507.6151492820402,39.35306322229442,0.0184601923518048,0.0,-0.7065671476257478,0
1498.8292331263833,40.69822331361359,0.010531926665231072,0.0,1.3451600913191655,0
1498.8293152152542,40.39348538542175,0.021066468536864693,0.0,-0.304737928191841,0
1507.896064077537,40.895193220027735,0.020006027376811123,0.0,0.5017078346059876,0
1503.8371736457646,40.63517180168197,0.015914556844659047,0.0,-0.2600214183457652,0
1497.6526280703251,41.04955271531934,0.023296228342162027,0.0,0.4143809136373662,0
1502.7128002179297,39.46476478843943,0.02468785068813279,0.018590266647221625,-1.5847879268799048,0
1497.6829115359376,41.317394065634325,0.01196220067815513,0.01812407585252433,1.8526292771948931,0
1497.6713512321487,40.1975996046924,0.01618637610716893,0.017814972798598984,-1.1197944609419253,0
1501.2098113578302,42.075260872625265,0.01615428825106351,0.017826611584205312,1.877661267932865,0
1490.433598776711,39.310812181910435,0.015300484494455677,0.0175106407984704,-2.764448690714829,0
1491.3754108374349,41.73596380316525,0.02414737420965874,0.018872185552913166,2.4251516212548125,0
1497.188562353795,40.197910783462646,0.019030869306135983,0.018668625629840296,-1.5380530197026019,0
1494.9358443983278,39.348581996385555,0.018677425793446948,0.01853576547150388,-0.8493287870770914,0
1501.5712366629764,39.51611416594568,0.009980688177966233,0.017942378604834597,0.1675321695601255,0
1495.459879622394,39.67965269180568,0.02317709015104613,0.017930464785723004,0.16353852585999817,0
1492.9384814933235,40.424165946401914,0.013803708025732638,0.01684205051948299,0.7445132545962352,0
1507.3282438446079,40.5228354880355,0.02029966315133164,0.017675796766800644,0.09866954163358344,0
1498.8711184975673,39.426299996061424,0.02138688468979096,0.018195847625062843,-1.0965354919740733,0
1500.3376410234396,39.975645407739016,0.026803292979193254,0.01926074809787582,0.5493454116775922,0
1492.8762590689328,42.14227035861187,0.01345589800440444,0.019076289448870697,2.1666249508728512,0
1497.2780863773742,41.72754317010071,0.004902439220895874,0.01715179594999441,-0.41472718851115786,0
1500.5546129485492,40.43632366967403,0.020919247723768474,0.01734063379175766,-1.2912195004266778,0
1494.2450321128886,40.0380034781682,0.029002555907554267,0.01837314680316839,-0.39832019150583164,0
1501.8784900917283,40.12003132671826,0.026194731764697186,0.019994551161841487,0.08202784855006229,0
1496.996806550406,40.61351797273041,0.02104829707637313,0.01978167185437419,0.4934866460121512,0
1498.5415312510336,38.97720743480159,0.017541819071839763,0.0201554829589849,-1.6363105379288214,0
1496.991466938853,39.74262346257665,0.02403561298318655,0.020529077942170394,0.7654160277750606,0
1509.2613909225447,38.33141592612241,0.015132269001477657,0.01990361637333906,-1.411207536454242,0
1499.9325138763104,40.39922312260528,0.022381788846781096,0.019461465960097842,2.0678071964828675,0
1494.7114453552206,40.64719593970274,0.022527350795833134,0.020368611239240712,0.24797281709746244,0
1504.112724560516,39.51681353770063,0.0253010495374944,0.022408472270900565,-1.1303824020021125,0
1493.8957817501448,41.57398676329003,0.03379830019455539,0.023696377517979258,2.057173225589402,0
1501.044317975024,38.77423433699766,0.021962079835893836,0.022992329910813215,-2.799752426292372,0
1490.201649380601,38.53562511979018,0.017455181871462506,0.02211837492148975,-0.2386092172074754,0
1493.3590697555078,40.22445181855997,0.01987212843904003,0.022000758057756437,1.6888266987697875,0
1500.9843061793456,41.047098302612156,0.011154620475554409,0.0213620381981279,0.8226464840521857,0
1503.6923328999771,41.68392769145787,0.01652643434455471,0.020611120334264717,0.6368293888457117,0
1500.8568414059498,39.54111573713106,0.01795358780943448,0.020893252215060398,-2.1428119543268096,0
1499.4217585880588,41.07868083343129,0.017379558010327038,0.020393029131414993,1.5375650963002343,0
1498.4944815220535,39.961491530499295,0.02076177436016861,0.02021647148784854,-1.1171893029319975,0
1492.6073900481629,39.82737270005918,0.015887900338088998,0.019275156567908003,-0.13411883044011574,0
1496.4007789580264,40.88365993748667,0.025605153336622357,0.018455841882114698,1.0562872374274903,0
1497.696806145201,40.65232287841342,0.020001035324590986,0.018259737430984413,-0.23133705907324753,0
1505.2856111310946,38.42360784301575,0.019953498394306927,0.018509569083268854,-2.22871503539767,0
1501.7180914478422,41.476540349725894,0.01836052641743541,0.018358408881108394,3.0529325067101425,0
1491.1847992231862,41.38009135414745,0.020775953419294897,0.01932054217548244,-0.09644899557844155,0
1501.620419846974,39.37443729849047,0.024125491323338175,0.020080447873360788,-2.005654055656983,0
1498.0745885979184,40.39580353343741,0.015664348921445498,0.01985152398456189,1.0213662349469388,0
1496.6153899984702,40.494030186282735,0.016709417554623716,0.019784509938991557,0.09822665284532661,0
1503.0583814442043,40.26067376582391,0.01848136985611668,0.019556469488586366,-0.23335642045882565,0
1505.1549976124797,39.44969484615458,0.013270645382633926,0.019294743993040854,-0.8109789196693313,0
1504.656400595581,39.328376632061946,0.01590371070139251,0.01832459972951787,-0.1213182140926321,0
1495.8039123838869,39.97444592900855,0.017618895632276706,0.018086385760286445,0.6460692969466066,0
1498.453938120744,41.172729019259364,0.02437194590356364,0.018528230511212114,1.1982830902508113,0
1501.6563171570178,40.54360015459443,0.021312806645009626,0.01882345853396954,-0.6291288646649349,0
1504.8777256356118,39.629385667913894,0.02096794955683772,0.01884265814772382,-0.9142144866805353,0
1497.6041288107735,40.771698710648344,0.02425448981083986,0.01885555799647399,1.1423130427344503,0
1499.071705116681,37.15145737936992,0.019313141058003018,0.01922043721012974,-3.6202413312784216,0
1494.4683251299698,41.1487657003721,0.02195232424964445,0.019744727879631812,3.99730832100218,0
1494.0189668795967,38.260286221221904,0.01948389123533752,0.019844980017553897,-2.888479479150199,0
1504.062629111971,39.63755905859687,0.02132681174699814,0.02065059665399032,1.3772728373749672,0
1506.781200142854,38.88033010537386,0.017086206711942088,0.020768846255045277,-0.757228953223013,0
1499.6399493920983,38.70531852427909,0.0078059142086178545,0.01978754811267939,-0.17501158109476478,0
1505.0176644894602,41.16082678737852,0.01932860418906848,0.019283213941229876,2.455508263099425,0
1501.808180125238,39.53229879868811,0.027113740680499702,0.019863307344778886,-1.6285279886904078,0
1496.7744012269743,40.34650388173072,0.024631077011207963,0.020229620090215908,0.8142050830426086,0
1501.806978027542,39.95307942112082,0.024826987422955853,0.020286869851427507,-0.3934244606099,0
1507.6901828323298,40.47704082722312,0.02618065360903109,0.020973621106530317,0.5239614061023019,0
1499.8208698044502,40.076821891060256,0.02044328795480719,0.02082271747704659,-0.4002189361628652,0
1507.82321827907,38.71700777581143,0.02098657853702798,0.020972986207215636,-1.359814115248824,0
1486.9012744795514,40.99626681944714,0.01691174052282825,0.020531479084798642,2.2792590436357116,0
1504.109512521876,39.506243416838686,0.01841963571986475,0.02066482198559091,-1.4900234026084576,0
1500.435235341191,38.44341810134025,0.02307885574885571,0.0221921161396147,-1.0628253154984364,0
1498.5049632476707,39.57188483903409,0.026019422185844084,0.02286119793929226,1.1284667376938415,0
1500.4588038826776,41.50075979063431,0.019302768621595003,0.022080100733401786,1.9288749516002213,0
1490.0621554269956,40.85022174211349,0.01774905367574294,0.021391898399855287,-0.6505380485208221,0
1498.9016405608124,39.65134786559214,0.020002639794282986,0.020909463636988,-1.198873876521347,0
1501.7855628575587,39.650742295681574,0.023006033744645576,0.02059200165054945,-0.000605569910568704,0
1507.3894702237076,39.678364948782615,0.01278072591933229,0.01982574544700196,0.02762265310104084,0
1497.4086489086317,42.07674798356084,0.008519095234313809,0.01857899711673054,2.3983830347782273,0
1495.9575319855342,40.38193545223155,0.017247315752542083,0.018612554639701923,-1.6948125313292906,0
1497.4912147820773,40.43004164719107,0.013896437870429207,0.018160234854758366,0.04810619495951585,0
1504.5770105885103,41.030283454031846,0.017459299011763445,0.017598279181049142,0.6002418068407778,0
1501.6437555482985,40.23878915902652,0.01926109840591264,0.016922446803055997,-0.7914942950053288,0
1497.3511989811648,39.7409578541793,0.017733757954884934,0.016765545736384994,-0.4978313048472174,0
1502.566337165567,39.80365015091502,0.027262337672353726,0.01771687413604607,0.06269229673571886,0
1500.4853877467401,39.92839874058593,0.0216337238230116,0.017879982538918933,0.12474858967091507,0
1504.8432249526645,39.96277776349016,0.021502371798054143,0.017729616344259787,0.034379022904225565,0
1496.4897345306133,40.72762954363698,0.02311103572021701,0.018762647324348257,0.7648517801468202,0
1498.3616892670111,40.0519458858073,0.014305834411096154,0.019341321242026494,-0.6756836578296799,0
1498.0394592343391,40.73264007721558,0.025195558937101344,0.020136145560482422,0.6806941914082785,0
1492.6824252593394,39.919283419891414,0.019621178567322702,0.02070861963017177,-0.8133566573241637,0
1501.4806013853229,40.07863519031609,0.023352403086206064,0.02129793003761603,0.15935177042467785,0
1501.3052763608994,38.00179931546789,0.014640713834799222,0.020835891580504688,-2.0768358748482,0
1500.0255672832122,40.91632767470248,0.012231206169919679,0.020285636402008166,2.9145283592345876,0
1498.8270643331243,40.34648847589799,0.024089448290125146,0.019968347463785306,-0.5698391988044875,0
1492.9231462897478,40.99801010985965,0.021882047630487584,0.019993179844532905,0.6515216339616572,0
1497.8967733861732,37.103744621806314,0.015489742228212448,0.019391916887548735,-3.8942654880533354,0
1498.2864274173662,42.088374704780726,0.01565168459362653,0.018645981774889686,4.984630082974412,0
1495.988613653892,39.86041037184483,0.025627173922073847,0.019778115725987457,-2.2279643329358976,0
1499.19357144167,41.10818281673752,0.01405294053566336,0.01866385388584366,1.2477724448926892,0
1502.0202542840727,38.96009407287447,0.028213364766279815,0.01952307250573937,-2.148088743863049,0
1509.4309295060527,40.61277390506257,0.015496896326760656,0.01873752182979483,1.6526798321880989,0
1500.8728890641592,38.94658443682634,0.023191959628041915,0.019592646409119098,-1.666189468236226,0
1501.287751953614,39.376231039304194,0.018356907621255077,0.020205216554252635,0.42964660247785247,0
1499.627770421169,41.91403135386679,0.023015937155411715,0.020097865440781296,2.5378003145625954,0
1490.4061439235047,39.80931759923666,0.017279429989429038,0.019637603676675438,-2.104713754630133,0
1499.867430622754,40.217432873179725,0.01918603546963853,0.020007233000818046,0.4081152739430678,0
1500.3011510497051,40.87006773068875,0.020204595876978607,0.020462524129153253,0.6526348575090282,0
1512.3162105624265,40.4956818879726,0.014989062721092638,0.019398713009055137,-0.3743858427161513,0
1499.0381951760944,40.150418905143574,0.02370412172710063,0.02036383112819886,-0.345262982829027,0
1501.507736711668,40.364961002466224,0.017433932167642073,0.01928588786833509,0.21454209732264928,0
1499.8264411514738,42.40341558523828,0.018857000423299908,0.019621898277989012,2.0384545827720544,0
1494.1566098119024,39.942381202966416,0.01502825312695744,0.018805527627880566,-2.461034382271862,0
1505.714114072575,40.201099046714965,0.007188331706023447,0.017688670036357403,0.2587178437485491,0
1503.759665163434,41.05065439600761,0.019044861186999155,0.017291562439516146,0.8495553492926433,0
1503.9551597352151,41.10552593295798,0.03206307710806458,0.0187699271513797,0.0548715369503725,0
1495.4530627260262,41.18703030556038,0.02392302143949012,0.01924362574836486,0.08150437260239585,0
1507.0139715546804,40.63873022202918,0.019903698101328027,0.0192135359707998,-0.5483000835311955,0
1492.9907446860386,38.85699508726952,0.018685545853958662,0.019583184284086404,-1.7817351347596642,0
1502.9342854690015,41.633431532301096,0.020112329464060233,0.019224005057782365,2.776436445031578,0
1510.95227812905,38.85365460698131,0.02273559557587605,0.019754171398605764,-2.779776925319787,0
1495.0473183743466,40.302635465239035,0.014095935923455776,0.01927806494862135,1.4489808582577268,0
1497.1685113519861,39.24572414998064,0.02557160847334436,0.02033240048326004,-1.0569113152583967,0
1500.4982568254381,39.93586165340701,0.023576906577206222,0.021971257970378317,0.6901375034263708,0
1497.482621729419,40.32876241030348,0.023590928628539672,0.022425864714532368,0.3929007568964735,0
1492.2466828446693,40.32135721545027,0.022192378694048637,0.021438794873130777,-0.007405194853213004,0
1500.3428148740302,40.42192075423529,0.02009808328846995,0.02105630105802876,0.10056353878501767,0
1494.6884814313694,41.61371126905865,0.0233643061798341,0.021402361865879366,1.19179051482336,0
1502.367962153176,40.45353430151398,0.02295907066870689,0.021829714347354187,-1.1601769675446647,0
1495.402878828831,39.75584336470935,0.01822979644529488,0.021641461045477654,-0.6976909368046336,0
1507.7496720250876,40.96408716828836,0.017131991135515494,0.0210811006014416,1.208243803579009,0
1496.0837335383187,41.18947048892464,0.020509281476309933,0.02172243515672701,0.22538332063628275,0
1498.3896924189717,38.77239218486301,0.027745100757475938,0.02193978438514017,-2.417078304061633,0
1504.0675860868485,40.59740006984986,0.013804464621730496,0.0209625401895926,1.825007884986853,0
1493.8456784178302,40.701172742310895,0.012662373671237799,0.019869684693862414,0.10377267246103372,0
1501.1372996730206,39.70243649664001,0.020823804206182583,0.019732827245075808,-0.9987362456708837,0
1506.5357137714122,41.375706813311616,0.02025443850928009,0.019748462767156822,1.673270316671605,0
1491.9625838271938,39.849944412967474,0.020866708321852043,0.019498702981358616,-1.5257624003441421,0
1500.9231692926614,40.125576453471545,0.0212197659895425,0.019324772513442175,0.2756320405040711,0
1501.299413971242,39.826928175716134,0.018883988726825975,0.019390191741595286,-0.2986482777554116,0
1503.9091143588867,40.01557904758147,0.02744931719301041,0.02042192434734478,0.18865087186533458,0
1493.8152464456095,38.903724913104796,0.011995480107617423,0.019570544210475528,-1.1118541344766726,0
1493.3977169345785,38.55994911740571,0.01585751487609877,0.01838178562233781,-0.3437757956990879,0
1502.6097078280845,41.59450506322497,0.019483726199254762,0.018949711780090233,3.034555945819264,0
1501.484923366166,39.15303865168167,0.011784055944229163,0.01886188000738937,-2.4414664115433027,0
1501.2524642517294,39.008607650543695,0.019120727977839643,0.01869157238455508,-0.14443100113797414,0
1501.7322410474849,37.84660988639629,0.02830735082864009,0.019496863616491077,-1.161997764147408,0
1496.5998763921075,39.3610382523105,0.02010443244147981,0.019420636028453855,1.5144283659142133,0
1501.161268485805,38.6769102065925,0.02115350452859342,0.019414009882358946,-0.6841280457179977,0
1501.4653623664933,41.64201516013637,0.0136991761741371,0.01889552862709006,2.9651049535438645,0
1496.4282429098682,41.00981708934263,0.016918192959802614,0.01784241620376928,-0.6321980707937342,0
1509.3288725557238,39.311849654822275,0.018124018098380316,0.01845527000284557,-1.6979674345203577,0
1502.369164604559,42.252435805344305,0.01841142451621883,0.018710660966857577,2.94058615052203,0
1494.0434825139866,40.98176548699159,0.026408218975018844,0.01940311024443398,-1.270670318352714,0
1503.2827680431692,39.675168616491376,0.022788455303625624,0.02050355018037363,-1.306596870500215,0
1495.1265916488635,37.500594285126425,0.01444271021531484,0.020035748404121152,-2.1745743313649513,0
1503.9354230187123,42.290942572590744,0.021232523892160026,0.019328265710473143,4.790348287464319,0
1505.792977895037,38.610427533236404,0.022491108742483924,0.019566933340573554,-3.68051503935434,0
1495.8965884082415,38.35460125304311,0.025700745192606334,0.020021657406974848,-0.2558262801932969,0
1504.8168806462215,41.02257043200964,0.027902703432841867,0.021442010132845322,2.66796917896653,0
1502.0639046346826,42.439752406339274,0.014924529040860657,0.021242643740951125,1.4171819743296368,0
1504.1103007999725,41.38427281851052,0.01594571244394831,0.021024813175507927,-1.0554795878287564,0
1509.4839649132698,40.56390912005236,0.013712110705426918,0.020554881794428735,-0.8203636984581593,0
1498.7730594199857,40.594754341665286,0.018829900704465094,0.01979704996737336,0.030845221612928242,0
1496.2313191782125,40.853415558780306,0.022331791872231672,0.019751383624233964,0.2586612171150193,0
1495.5524278518724,40.75892858978676,0.02493667258294551,0.02080077986099703,-0.09448696899354303,0
1495.9209485751728,40.281191423969375,0.019620244881787388,0.020639551959959767,-0.4777371658173877,0
1499.6144914529295,40.10420110395187,0.01840076238372578,0.020230517324083954,-0.17699032001750226,0
1501.7057598740832,39.937406872100475,0.020758789961243702,0.01973632180094769,-0.16679423185139797,0
1501.3834539966501,39.24603541113332,0.015824285491849884,0.01852848000684849,-0.6913714609671544,0
1504.1359162451802,39.71932492313323,0.030447693608473866,0.02008079646360981,0.47328951199990854,0
1500.0650094593896,38.307043185804616,0.011961694864409707,0.01968239470565595,-1.4122817373286125,0
1507.2676703857867,39.90166037320525,0.020923702894478622,0.020403553924561123,1.5946171874006367,0
1498.6767158338102,39.01140889284908,0.030118031096148197,0.021532366963729434,-0.8902514803561701,0
1513.6008458329482,38.89641068278423,0.02003399922279999,0.021302587698786263,-0.11499821006485433,0
1503.128336738825,40.179894151153476,0.01904980482499253,0.02071390092299097,1.2834834683692478,0
1495.7142122179187,41.3920022863446,0.018212772885947866,0.020573153723407015,1.212108135191123,0
1494.6455375096943,40.918316606002314,0.019098041591187963,0.020642881644153233,-0.4736856803422853,0
1502.412362076216,38.429499396376826,0.02686424237338265,0.021253426885367126,-2.4888172096254877,0
1498.8826860733707,39.01037186342966,0.008940690443352465,0.020565067380517384,0.5808724670528349,0
1503.5700024704604,40.94077118798822,0.027667168506481626,0.020287014870318164,1.9303993245585573,0
1502.3661881228677,39.01751260646169,0.012880214237749276,0.020378866807652118,-1.9232585815265253,0
1499.6358554367157,39.775366850002975,0.018666738353827927,0.020153170353587047,0.7578542435412814,0
1495.766031409658,40.550052099024555,0.01785377789850669,0.018926745033822898,0.7746852490215801,0
1492.4257638765707,39.03165554513637,0.0229427663488536,0.019217621746428257,-1.5183965538881878,0
1497.7674252396648,40.10537550614596,0.012009378240581263,0.01851357908798713,1.0737199610095942,0
1504.2819939716173,38.6659745050818,0.022310863330409714,0.018923388132433317,-1.4394010010641622,0
1501.070468720651,39.398632356048786,0.030121548116434263,0.020025738784957947,0.7326578509669872,0
1493.77130610644,40.31978193414254,0.013184129977035948,0.01865772754532328,0.921149578093754,0
1500.865904629256,38.40700626646833,0.02094853083805198,0.01985851158479323,-1.912775667674211,0
1501.9265868986442,40.4404747379604,0.016690089111016954,0.01876080364524676,2.033468471492071,0
1495.5807128189942,39.98036220107332,0.02212943603096518,0.019685725824568352,-0.4601125368870811,0
1500.7686255297276,40.55248995441715,0.02009573888707876,0.019828625877893434,0.5721277533438283,0
1500.29104359223,40.223914134064664,0.016792565454778453,0.01972250463352061,-0.32857582035248356,0
1494.285148510847,41.364140429973844,0.02243936142435537,0.01967216414107079,1.14022629590918,0
1501.7889368017413,40.12522450264791,0.029021740548933715,0.021373400371906034,-1.2389159273259338,0
1502.8039226318413,39.570594458874744,0.019045481041363506,0.021046862143001412,-0.5546300437731659,0
1505.4152562158763,40.122297503032286,0.02359878971074091,0.02039458630243208,0.5517030441575415,0
1505.2690102601746,40.543298029036386,0.013533635210644181,0.0204295368257929,0.4210005260041001,0
1493.1116531602145,40.0488600703257,0.015217818115909956,0.019856465553578697,-0.49443795871068374,0
1495.3108748004245,40.04059169120388,0.022362031389401887,0.02042365978141719,-0.008268379121822989,0
1502.5751763360433,39.29800831219325,0.027420580142679826,0.020952774192588654,-0.7425833790106324,0
1502.568929754561,39.33709908244905,0.0217780667439283,0.02112100697827361,0.039090770255803875,0
1502.5752384315304,38.59739472820031,0.01843470984738423,0.021285221417534188,-0.7397043542487438,0
1519.2636574532737,41.74957674318694,0.01999645702711677,0.02104093097781033,3.1521820149866357,0
1502.8544525534658,38.75613676460871,0.013747961330151413,0.0195135530559321,-2.9934399785782304,0
1505.677828200903,39.30709480220409,0.023022576631776835,0.019911262614973432,0.5509580375953789,0
1504.770008817466,39.2815927344308,0.024411665311617047,0.019992550175061043,-0.025502067773288672,0
1503.256956256529,40.89492437694444,0.017739548335834597,0.020413141487580087,1.6133316425136357,0
1498.4236537767983,39.70505032170797,0.017649789261202493,0.020656338602109338,-1.1898740552364657,0
1503.7948461024664,41.24774207267373,0.021329391148260244,0.020553074577995174,1.5426917509657585,0
1496.135873927312,39.32650937575613,0.017816401319797025,0.019592656695706895,-1.921232696917599,0
1498.8159069663,40.2789941622238,0.019669336926870888,0.019381783714001156,0.9524847864676715,0
1497.5731822608545,39.16465294674024,0.030498608945832575,0.02058817362384599,-1.114341215483563,0
1500.4093706969315,42.14514912777339,0.018764871496270017,0.020465015070761313,2.9804961810331463,0
1511.5732928333675,38.81240158097049,0.01820829923989389,0.02091104886173556,-3.3327475468028993,0
1490.6636740370413,40.30982071022703,0.016762290971824204,0.020285020295740298,1.4974191292565422,0
1503.4313009518726,40.633776880932096,0.023720959857499686,0.020215949750328564,0.3239561707050669,0
1491.9364206440519,40.413799097451495,0.019093879133909485,0.02035138283013605,-0.21997778348060137,0
1497.6403406710529,39.814712341122295,0.01675313480839287,0.020261717384855087,-0.5990867563291999,0
1505.444752984837,39.87017930026657,0.026606520161365062,0.020789430286165568,0.05546695914427602,0
1500.3214000954772,40.04381147197911,0.027098015022568187,0.021717591656442686,0.17363217171254064,0
1494.6112761103534,39.852997998371514,0.016997882171306475,0.021450446180886245,-0.19081347360759793,0
1496.4234814537,40.96387911679491,0.010667300243196919,0.01946731531062268,1.1108811184233929,0
1503.3979887446733,42.210523001591355,0.02503756844918461,0.020094585005914135,1.2466438847964483,0
1496.3481668414142,39.442508214992166,0.01657685087119998,0.019931440169044745,-2.7680147865991884,0
1501.0822929479098,38.63019702042092,0.023953127995813846,0.020650523871443713,-0.8123111945712438,0
1500.2278591995191,39.91171795164875,0.010149480911440823,0.019293375976837824,1.2815209312278242,0
1496.7419982619708,42.57970933765432,0.024462986691496547,0.01983028673259653,2.667991386005575,0
1510.7197204466265,39.19632543203027,0.013944140353596094,0.019549387287116856,-3.3833839056240507,0
1503.16959511159,41.63911680544407,0.023653820595332622,0.01925411733051361,2.4427913734137974,0
1489.874287066712,41.67770081407644,0.020071365339182173,0.018551452362175008,0.03858400863236966,0
1500.9322715738472,39.44641175829201,0.015230302903016777,0.01837469443534604,-2.23128905578443,0
1496.6910676761581,40.56898307918527,0.017964818435366098,0.019104446254562958,1.1225713208932646,0
1504.262166673981,41.62839662312854,0.023431592284783503,0.01894384863812285,1.0594135439432648,0
1496.0373963078364,39.620872259012515,0.020529472265576172,0.019339110777560467,-2.0075243641160228,0
1499.4263177926655,39.796419639897636,0.02292206490236242,0.01923600446821532,0.17554738088512067,0
1502.5249363949024,39.418319086051355,0.029882202922577428,0.021209276669328987,-0.3781005538462807,0
1504.3287759708505,38.985243269307134,0.012178791941444743,0.019980857194323805,-0.43307581674422124,0
1493.998517964721,39.350722454933994,0.02808606287484312,0.021395049446448506,0.3654791856268602,0
1498.3274938207953,38.776059733237744,0.020521779687616065,0.02108184535567685,-0.5746627216962494,0
1497.6252734441953,40.034083468259226,0.01550607975838436,0.02062531679759707,1.2580237350214816,0
1496.7333538371315,39.23002676894136,0.013348431871305052,0.020437129694425897,-0.8040566993178686,0
1508.8272712014054,40.23378591179075,0.019054398046114834,0.02054608765550077,1.0037591428493897,0
1502.0249085548048,38.44410435379637,0.024608250559622298,0.02066375348298465,-1.7896815579943777,0
1493.6955802283248,40.330880232214454,0.01936225439811233,0.020547031696238265,1.886775878418085,0
1504.589309735274,40.83352896160893,0.027555774651236736,0.021010402671125694,0.5026487293944726,0
1510.6107809850632,38.00626435742854,0.012744121549742205,0.019296594533842172,-2.8272646041803853,0
1505.1623263027557,40.374056569847575,0.019939555260769726,0.02007267086577467,2.367792212419033,0
1492.40315017023,41.22766899247329,0.013738032777934405,0.0186378678560838,0.8536124226257158,0
1497.5788296356689,38.79035898130879,0.02181815941312484,0.01876750582863468,-2.4373100111644987,0
1506.3345557459331,41.6725723868377,0.024434436950486502,0.019660341547844892,2.8822134055289084,0
1496.461652671906,40.419019009366046,0.017896191031594733,0.02011511746387386,-1.253553377471654,0
1502.219097140731,39.29498814424159,0.0069789307168643296,0.018907570730948807,-1.1240308651244533,0
1503.8731702671466,39.94423092234229,0.020994740733982473,0.01854621974838483,0.6492427781006995,0
1495.3653476421096,40.55832691252172,0.022183692758667547,0.01882836358444035,0.614095990179429,0
1499.702373219691,40.07600539141241,0.022021473774808488,0.018274933496797527,-0.4823215211093128,0
1483.7936632996546,40.53875599244637,0.02617891095911077,0.01961841243773438,0.46275060103396015,0
1494.8780617933285,39.079326406920636,0.014644731601754755,0.019088930071832884,-1.4594295855257329,0
1498.7371592430343,40.169360824036076,0.023401080527252247,0.02005523484676467,1.0900344171154401,0
1493.7610840901757,38.58628550309502,0.025962537562389875,0.020469672661691172,-1.583075320941056,0
1508.162056519658,39.8887739386513,0.011107062079967416,0.019136935174639262,1.3024884355562776,0
1492.8492931101969,39.09609235853521,0.021598259129594885,0.01950714198443928,-0.7926815801160885,0
1497.799777566515,39.264470057410236,0.017479100844961643,0.02055715899724901,0.16837769887502674,0
1500.6537028864304,41.236093175210435,0.01959238663449177,0.02041692358729994,1.971623117800199,0
1507.2063664453306,41.09131012059427,0.02173838241769168,0.02037239255320235,-0.1447830546161626,0
1492.8206892441028,40.609138120907176,0.01756385717943224,0.019926630893664726,-0.4821719996870968,0
1505.8158187607748,38.90768723532742,0.01662145960419194,0.018970885758172844,-1.701450885579753,0
1500.051165305098,39.683591550305195,0.020170762087440123,0.01952348880674138,0.7759043149777725,0
1495.0924567447603,41.21309769997919,0.014563770305685987,0.018639757784584755,1.529506149673992,0
1502.3105173713163,40.141716913639904,0.014570874355574073,0.017500591463903176,-1.071380786339283,0
1500.9952984778674,42.319329539981695,0.023396866414782516,0.018729571897384684,2.1776126263417908,0
1496.998915614206,40.39331783939437,0.01425602982420672,0.01799534896684587,-1.926011700587324,0
1500.3490104249502,40.19204911649003,0.02333156250454606,0.01858059513280431,-0.20126872290433795,0
1498.0734320156912,39.6908835357975,0.022312956464269756,0.01885265211578211,-0.5011655806925361,0
1500.5675867262562,40.13354090478228,0.011370966356047016,0.017815910509617644,0.4426573689847828,0
1503.3106533726052,39.84753016361945,0.016612176738321726,0.017720742465506593,-0.2860107411628263,0
1507.9300840807268,40.70810867668859,0.025970547015236864,0.018655651206611085,0.8605785130691359,0
1493.8109225058658,40.95670231679458,0.015094172344301592,0.018147992232297232,0.2485936401059945,0
1510.6651668732814,39.21401053949205,0.017677978688453062,0.018459413070573936,-1.7426917773025323,0
1490.2395610023875,38.66876704644222,0.022310304466259482,0.01923335608164248,-0.5452434930498313,0
1499.2410745248221,38.1637946268967,0.023916952546412976,0.019285364694805525,-0.504972419545517,0
1502.941586032423,40.507991326912546,0.01874230556977752,0.019733992269362604,2.344196700015843,0
1501.404959338675,38.89663339382613,0.017012449026541792,0.019102080921562178,-1.611357933086417,0
1496.8865024008971,37.84710940704752,0.027111849308492537,0.019581970205984456,-1.0495239867786097,0
1498.9593887482135,40.38857860453096,0.028694498318987897,0.021314323402278547,2.541469197483444,0
1497.534995326706,42.49299951743279,0.024894290253908977,0.02214253475383727,2.10442091290183,0
1497.0531762152789,39.993929088460106,0.02042659071282512,0.021588139123596094,-2.4990704289726864,0
1504.2480104851052,40.83849077445164,0.015958671391795368,0.021674589028345473,0.8445616859915361,0
1501.7850774298252,40.081829358547566,0.015847777967217175,0.021491568956221882,-0.7566614159040768,0
1496.5354520236967,39.901110346808856,0.022612570526328788,0.021521795562228812,-0.1807190117387094,0
1504.4979993771663,40.91907648298777,0.022091991104443418,0.021339299418031858,1.017966136178913,0
1501.5364976043832,39.70972545581135,0.027007992964732146,0.022165868157527323,-1.2093510271764174,0
1504.0643105941947,40.267392314071905,0.023252250462680694,0.02278984830114121,0.5576668582605535,0
1503.148144209618,40.32169780619601,0.01248459849120091,0.021327123219412047,0.05430549212410796,0
1495.8550249453897,39.331909546356954,0.02525973808861459,0.020983647196374716,-0.9897882598390595,0
1497.1990947990153,40.992042349536526,0.015009696863427936,0.019995187857326617,1.6601328031795717,0
1503.7364680256162,39.82504024330459,0.01808014364023824,0.01976054315006793,-1.1670021062319336,0
1503.0518513271672,39.24425484050715,0.021251001031258474,0.020289776114014238,-0.5807854027974386,0
1499.8954920301792,40.53650984357041,0.029978337448919822,0.021702832062184502,1.2922550030632536,0
1500.586636916544,39.101532018208964,0.035549592780026805,0.022996534287554302,-1.4349778253614431,0
1506.3883244789422,40.028181157369126,0.023033615295680914,0.023090696706678054,0.9266491391601619,0
1497.0421430558208,39.990881003355796,0.01908401690639806,0.022298299100844646,-0.0373001540133302,0
1502.7354869058502,41.08589556583158,0.02267252824240275,0.02224032687881685,1.0950145624757823,0
1498.9890367378305,40.47469823287995,0.02443827712936918,0.023435694742633677,-0.611197332951626,0
1498.911593983864,39.974973041254856,0.018396661872214042,0.022749387120993624,-0.499725191625096,0
1505.4938842599358,40.81776629920029,0.02897605677956161,0.02414602311260699,0.8427932579454307,0
1504.1270817449401,41.39020754901731,0.021150353795957012,0.024453044128178867,0.5724412498170253,0
1504.067548180003,40.55781030635186,0.022488715445456973,0.024576815569598717,-0.8323972426654507,0
1506.5273940357717,40.01035261984338,0.023329621260272305,0.023911943950733962,-0.5474576865084799,0
1500.1050192081639,38.68816376764984,0.02210793305307228,0.022567777978038515,-1.3221888521935412,0
1503.4097648564748,38.93488633692463,0.02419470250234806,0.022683886698705226,0.24672256927478742,0
1498.4486662170327,39.694775295645336,0.016913734067265384,0.02246685841479196,0.7598889587207083,0
1501.6208317624423,39.39048779784072,0.017208491230269848,0.021920454713578667,-0.3042874978046157,0
1499.3492847281616,39.81302869701455,0.014499228835141525,0.020926549884155904,0.422540899173832,0
1500.4849798249636,40.05664992489711,0.02219750615310113,0.021306634312244613,0.24362122788255647,0
1502.9757851271845,40.52969275435673,0.02389468251756057,0.020798496886044508,0.4730428294596223,0
1495.9088965838325,39.92950122194091,0.02228886433075943,0.02091234793952475,-0.6001915324158205,0
1510.4619363784273,40.4865016438262,0.028372462166737687,0.021500722611652822,0.5570004218852915,0
1494.9699130925014,40.06447441481012,0.019972019905854767,0.02116496247621107,-0.4220272290160807,0
1493.9290569360614,38.02453343364613,0.023343708277962564,0.021288539998700097,-2.039940981163994,0
1505.7905543675004,39.06066460618125,0.01454149561930343,0.020323219310395633,1.0361311725351214,0
1503.9583134698146,39.85591244427838,0.018064501487627994,0.020438296052431894,0.7952478380971328,0
1503.1205990852607,38.79030525715889,0.02347768878782889,0.0210652158081878,-1.0656071871194897,0
1503.1417275463214,40.59992872999621,0.02424551055371572,0.02203984398004522,1.8096234728373162,0
1499.9387661357655,41.5307508323437,0.01853016526167909,0.021673109890903014,0.9308221023474914,0
1495.513728142571,41.218761851697316,0.019642003740709665,0.021247842013217923,-0.31198898064638314,0
1500.3790227909685,39.78655712906979,0.012410631266595952,0.020260018706801573,-1.4322047226275245,0
1496.6141914424395,41.49072613684995,0.018214853995966954,0.019244257889724503,1.704169007780159,0
1504.8755986670888,40.14866745720211,0.02445191581759893,0.01969224748089892,-1.3420586796478418,0
1499.2647130924893,39.662914028881964,0.02287602508053283,0.019645479161155947,-0.48575342832014456,0
1495.8725140160375,39.38659733645906,0.02250332860690605,0.02044166245991621,-0.2763166924229026,0
1498.393070791735,39.69753031351187,0.0202488684359048,0.02066009915474389,0.31093297705280776,0
1502.064657271378,39.611823181458774,0.020035315793140884,0.020315861855275088,-0.08570713205309488,0
1497.18137723598,40.170416222375486,0.016698394302632764,0.019561150230166795,0.5585930409167119,0
1495.888898022168,40.160573981049865,0.023494142101012673,0.020057547914100148,-0.009842241325621615,0
1501.2184360574595,40.00304602015341,0.02210486472194695,0.020303834012223878,-0.15752796089645216,0
1501.2248328555436,40.43693816974635,0.022460094239963996,0.021308780309560686,0.43389214959293554,0
1497.4652841231443,41.19064627478634,0.0173698257866621,0.0212242774886302,0.7537081050399905,0
1497.6448084719084,40.949554135441325,0.009233285400643778,0.01970241444693468,-0.24109213934501383,0
1501.1602496867881,38.5151020315501,0.025485763558768477,0.019963388294758248,-2.434452103891225,0
1492.7595782925134,37.446078865098045,0.01760581271995798,0.01947363670606344,-1.0690231664520553,0
1492.9626811281173,40.93431991123927,0.015686121179784396,0.0190173619804514,3.4882410461412263,0
1496.4077788937377,38.63312130158458,0.02346739455956997,0.019360569857094306,-2.3011986096546906,0
1498.9327642414407,39.77523459810732,0.018039936800404353,0.019494724106871468,1.1421132965227372,0
1501.55453782799,38.82988697394064,0.02529968192023311,0.01967527808879351,-0.9453476241666792,0
1507.3767810847478,38.19801956241998,0.023085029747883488,0.019773294591387165,-0.6318674115206591,0
1504.28829811601,40.541462728204785,0.023417846616002387,0.019869069828991004,2.343443165784805,0
1499.2003073501828,40.75915516030265,0.013170221443997328,0.019449109394724527,0.21769243209786282,0
1499.9049189604866,39.42348959927328,0.026059719926932002,0.02113175284735335,-1.3356655610293657,0
1494.987353176811,37.40895770785509,0.02130625265616928,0.02071380175709343,-2.014531891418194,0
1499.907434320038,39.45375555174752,0.018153614303768984,0.02076858191547453,2.0447978438924324,0
1498.5567068053992,40.39180400540255,0.020716942336711255,0.021271664031167214,0.9380484536550284,0
1501.6135928016904,38.52108843122587,0.0111188238355084,0.02003680695876106,-1.8707155741766783,0
1495.8638452822383,40.18335991977916,0.022043264057403353,0.02043713968446096,1.6622714885532872,0
1502.5967325712058,39.98469015082701,0.014853142459089643,0.019392485738346614,-0.1986697689521506,0
1507.663694565013,40.57929149960109,0.013236648570782328,0.018407647620636496,0.5946013487740842,0
1499.4561992577158,40.119580368414155,0.012388204068910544,0.01730468336592731,-0.4597111311869355,0
1502.0085586104947,39.026931059118446,0.025563441874949626,0.01854400540902254,-1.0926493092957088,0
1503.4507199585555,41.196571501664494,0.016853683031536056,0.017623401719482946,2.169640442546047,0
1497.9938976405708,39.84147042697303,0.027668638549582496,0.018259640308824272,-1.3551010746914613,0
1501.1204624090522,39.972695460490065,0.017320992684738513,0.01817637814692122,0.1312250335170333,0
1500.062962003909,39.0667320409268,0.011463210212035266,0.017251004934453622,-0.905963419563264,0
1500.4883804927442,39.55671774880849,0.014417377800256705,0.01758086033092845,0.4899857078816865,0
1496.1349510807227,39.115197285973096,0.026179058100034694,0.017994439735191586,-0.4415204628353919,0
1500.1225508712946,39.827053940076574,0.019220509110316662,0.01843117640031429,0.7118566541034781,0
1502.4899914562272,41.71170848014234,0.017258563517546996,0.018833367894990755,1.8846545400657675,0
1507.2557180389751,38.62809885706864,0.02080009112926394,0.019674556601026093,-3.0836096230736985,0
1504.796354130426,38.386438602123256,0.022508913680837725,0.019369103781614903,-0.241660254945387,0
1510.7659122875577,41.47117032749361,0.025586994079512305,0.02024243488641253,3.0847317253703537,0
1496.1632621855597,39.790676322848135,0.027242496149464633,0.020199820646400742,-1.6804940046454746,0
1504.3616031836034,39.330927261340086,0.01820115677105457,0.02028783705503235,-0.45974906150804884,0
1500.9167100286918,41.039904687396074,0.01336976156958981,0.020478492190787803,1.7089774260559878,0
1510.9490146660883,39.39438446026313,0.01793267419438362,0.020830021830200496,-1.6455202271329412,0
1495.9585085732242,41.82600971354694,0.021301402532914432,0.02034225627348847,2.431625253283805,0
1495.801390789096,40.67792587133927,0.015181205368946946,0.019938325899351496,-1.1480838422076687,0
1497.00303677278,39.512088591854294,0.015214245425524787,0.01973389409014928,-1.1658372794849754,0
1489.380521378451,42.1573082132655,0.021718939407749428,0.019825778917997826,2.645219621411208,0
1497.3712248915963,39.39428507699666,0.019756738242147746,0.019550561374128826,-2.763023136268842,0
1496.2043366922314,40.74209537200931,0.020163984977057934,0.019008260463883393,1.3478102950126498,0
1500.751968932381,40.299292580406494,0.01620752332649965,0.017904763181586892,-0.44280279160281566,0
1501.7087798788857,41.3017412893988,0.018847996428971163,0.01796944714737855,1.0024487089923042,0
1509.3808541960793,41.561511196726855,0.01537883427865848,0.018170354418285416,0.2597699073280566,0
1504.7521191909302,40.03200414906577,0.024450992055623934,0.01882218620440945,-1.5295070476610846,0
1497.115481721688,39.24658212965382,0.025176246673618764,0.019209670618479883,-0.7854220194119534,0
1495.5079266432583,40.459972142939115,0.01076906068880953,0.018768456150466142,1.2133900132852986,0
1502.4595958575326,39.32228463024789,0.01535244569903795,0.01878227617781746,-1.1376875126912225,0
1493.3988339648968,42.01338724752662,0.012517353724549606,0.017862117609497477,2.6911026172787302,0
1509.1572938292718,40.13653533108274,0.01674988032796551,0.017561431818079253,-1.8768519164438828,0
1505.8972006036065,39.63467844868789,0.019582810151048197,0.01750331433547828,-0.501856882394847,0
1497.6541217394765,40.18468030586491,0.012751773901507349,0.01715773939297905,0.5500018571770156,0
1491.4343273545455,38.6528737104703,0.015390700934373435,0.016812009843519278,-1.531806595394606,0
1506.769361870827,39.02838596148935,0.014980213139592507,0.016772147729612677,0.37551225101904606,0
1499.427300773737,41.20041390794442,0.02103633664699472,0.016430682188749757,2.1720279464550742,0
1506.1890815598674,39.34310572102861,0.020346721685181254,0.015947729689906008,-1.857308186915816,0
1492.0278617060283,38.953089017318064,0.016391312233313735,0.016509954844356425,-0.3900167037105433,0
1497.003124885231,40.53665275252729,0.02088410436069699,0.01706312071052233,1.5835637352092249,0
1500.0262184985909,41.185704154663,0.017266599577063675,0.017538045295773737,0.6490514021357114,0
1500.2349029688237,40.718953310665064,0.018641724448369736,0.01772722970781416,-0.46675084399793576,0
1497.7496726426039,40.99604768580581,0.028367260451492685,0.018605674737858607,0.27709437514074864,0
1503.1142496617374,39.24320491143054,0.02670230525895174,0.020000727873603047,-1.7528427743752744,0
1494.661897853087,38.57818933325816,0.013502093815362012,0.019811867161701906,-0.6650155781723797,0
1499.2881025748936,41.501333651955484,0.024148662089395874,0.020728712056682242,2.923144318697325,0
1500.6014781585595,39.677320161157866,0.02405698277245796,0.021030776669228566,-1.8240134907976184,0
1502.5721941702936,39.74916698354495,0.014258683556236908,0.020421972856334132,0.07184682238708717,0
1503.5580743904445,41.32819414184906,0.024093888218774305,0.02119223045488019,1.5790271583041076,0
1494.3767895408107,40.55623000940066,0.027689659592062765,0.021872785978016767,-0.771964132448403,0
1492.329429146322,40.45588777208161,0.01438727596877793,0.02158485361718819,-0.10034223731904746,0
1506.3883841094926,42.16500234490108,0.015412485894928683,0.021261929761844087,1.7091145728194732,0
1501.661570059898,39.356481769619855,0.025088307334217512,0.02093403445011657,-2.8085205752812286,0
1496.2575673172173,40.927840128081236,0.02135747655412824,0.020399551579634218,1.5713583584613815,0
1507.7557598776127,40.05701312489708,0.022757381376197615,0.02132508033571778,-0.8708270031841536,0
1500.5783731714644,40.26859227886326,0.021702946082002485,0.02108050873497844,0.2115791539661771,0
1505.896485920319,41.52846842641253,0.02195347960464072,0.02087015841819672,1.2598761475492708,0
1500.3375924070506,40.50783575628962,0.013367639358444585,0.020781053998417485,-1.0206326701229074,0
1510.30373962441,40.53829607904963,0.025236588533107243,0.020895324029850778,0.030460322760006875,0
1508.776704212216,41.0725073373098,0.025847949962138867,0.020711153066858386,0.5342112582601715,0
1498.7551792576046,39.635047270457115,0.018853046279659863,0.02115773009794658,-1.4374600668526867,0
1504.8578547547718,39.160790332660994,0.01978261525093069,0.021594743033546783,-0.4742569377961203,0
1503.2268797479258,38.955190805978965,0.012344462487221389,0.02032035854884717,-0.20559952668202897,0
1506.8431577876618,38.033643410623995,0.022571273780089177,0.020441738271443265,-0.9215473953549704,0
1495.1753826970994,42.05620712994032,0.02286028720857072,0.020452028854680573,4.022563719316324,0
1503.4302572999923,38.896791634278316,0.019689044915003444,0.02025063873798067,-3.159415495662003,0
1505.2921224342479,39.778746376414226,0.025621766799352512,0.020617467457451848,0.8819547421359104,0
1491.2063025678844,39.72318670011108,0.018329613845100297,0.02111366490611742,-0.0555596763031474,0
1494.0837074366711,40.3074066978091,0.022823029629468,0.020872309015753494,0.5842199976980211,0
1489.8038391111995,40.8157372125393,0.014901678306539422,0.019777681850193553,0.5083305147301971,0
1498.6529658277773,40.860473488359744,0.01988223924562881,0.019880601146790446,0.0447362758204477,0
1503.58771127898,39.416922561431065,0.01912822871048582,0.01981516249274596,-1.4435509269286797,0
1507.51178526048,39.832878286213585,0.02112653961020471,0.02069337020504429,0.4159557247825205,0
1500.3704739020989,40.2825799504883,0.018152365355833207,0.020251479362618695,0.4497016642747127,0
1508.1430777278565,39.751308873816456,0.01934263702164166,0.01989971434392579,-0.5312710766718425,0
1493.0994927089255,41.607345576019995,0.024130235857207534,0.0203438334381462,1.8560367022035393,0
1491.4830878032242,40.49097495163825,0.017816178813808915,0.019563274639591836,-1.1163706243817444,0
1499.7222615055168,40.734877786049815,0.011967114496306604,0.018927024704712466,0.24390283441156413,0
1501.9203272446966,40.66288126866741,0.028747919521027104,0.019519513693868378,-0.0719965173824022,0
1499.8365262595296,41.17347385748533,0.026907270393452434,0.02072007290255968,0.5105925888179144,0
1489.6627894998005,40.181021558703705,0.013538686524471908,0.020085717630443988,-0.9924522987816218,0
1499.5543998024361,38.703168052044155,0.023448539026225974,0.020517748662018005,-1.4778535066595495,0
1493.4776524974757,40.39968795175264,0.017485126147243284,0.020153607315721862,1.696519899708484,0
1503.34836274415,39.34864310620817,0.0213174360766553,0.02047011438780407,-1.0510448455444674,0
1501.8329912304841,39.47138331825024,0.021471120645067468,0.02068296275014665,0.12274021204206775,0
1495.3006010683632,40.58636401875509,0.01882796099841839,0.020152735264267738,1.1149807005048515,0
1497.4306654133165,41.238283071433635,0.016081171672068018,0.01997923455009365,0.6519190526785437,0
1494.7039323905553,40.02127157673606,0.016547294738418705,0.02043725257430486,-1.217011494697573,0
1499.6866045136342,40.30883301259897,0.015419040422593788,0.019104364664461526,0.28756143586290506,0
1504.7757116025061,41.70221494463524,0.015840888958847776,0.01799772652100106,1.3933819320362701,0
1495.0713697683223,40.24075317948857,0.019664108549753225,0.018610268723529194,-1.461461765146666,0
1502.5202325775892,42.601683114180396,0.016421200054446243,0.01790753482635122,2.360929934691825,0
1497.3487119081378,40.56550964563154,0.0234102603285631,0.0185000482444832,-2.036173468548853,0
1496.0356358386882,38.23923724084418,0.027436230776679636,0.019111927714485635,-2.3262724047873604,0
1499.4648482002272,40.75334162110453,0.017099733793149784,0.018674789029293863,2.514104380260349,0
1494.823788387903,40.38115838488278,0.021197022502676886,0.018911695179719714,-0.3721832362217512,0
1497.231753473264,41.28975275408275,0.02249842555151467,0.019553420567664383,0.9085943691999674,0
1494.0106105370558,40.67318135126996,0.022360011354596372,0.020134692229282148,-0.616571402812788,0
1509.8236256645819,39.861544016016225,0.02037977633958044,0.020630765820980813,-0.8116373352537352,0
1500.1763177598586,38.775701763710636,0.023713412091798614,0.021418018134275896,-1.0858422523055893,0
1496.5013724600371,39.79097674271397,0.022411244763403285,0.0216927317556409,1.0152749790033369,0
1501.0698995536711,39.1494795457907,0.01381168788836351,0.02143178053903263,-0.6414971969232752,0
1499.438359751546,39.41947655019528,0.024345780321946366,0.021525332538370957,0.26999700440457985,0
1498.8951520023338,40.58857840442061,0.024436454186333712,0.021225354879336363,1.1691018542253317,0
1503.070833500217,41.66990450435141,0.016183569479107093,0.021133738447932097,1.0813260999307985,0
1503.7875385502366,40.39467152982298,0.02018968917723801,0.02103300511538821,-1.2752329745284285,0
1497.3474942619473,38.804116937964814,0.023416644964055346,0.021124827056642276,-1.5905545918581652,0
1497.1209087967766,40.44460266822014,0.01895343090210319,0.020784169011392954,1.6404857302553282,0
1498.6247415142418,41.19663148664565,0.02536489023883006,0.021282680401317918,0.752028818425508,0
1488.490394176322,39.39021709568062,0.0318193624730968,0.022093275439447738,-1.8064143909650312,0
1492.4240446890071,39.86598283332708,0.016070069836825088,0.02145915794678992,0.47576573764646213,0
1506.8343713372226,40.014688194729196,0.013094776984231126,0.02138746685637668,0.148705361402115,0
1508.2248385675064,39.21510168691776,0.02151909297802438,0.02110479812198448,-0.7995865078114335,0
1498.7548198022182,40.64828043384386,0.02360781252563072,0.02102193395591418,1.433178746926096,0
1502.882784815279,39.87905185139222,0.018845668130776157,0.021288143821081087,-0.7692285824516389,0
1501.5562507727177,40.41953244390703,0.02726630331660517,0.021995805235017804,0.5404805925148111,0
1515.3944040422762,39.1125078221979,0.013306971001383757,0.020984837838750645,-1.3070246217091324,0
1505.5978745571729,39.562541699676586,0.023464593115158056,0.02143595406005613,0.4500338774786883,0
1499.3604120425962,40.72238135782777,0.016970695896205534,0.02059653462579368,1.159839658151185,0
1495.222297796998,39.627166847908235,0.028596889531036486,0.020274287331587648,-1.0952145099195363,0
1491.9677683987122,41.72696385123341,0.02996257676584059,0.0216635380244892,2.099797003325172,0
1501.0173181793361,39.600363814385396,0.01616671706108326,0.021970732032174412,-2.1266000368480107,0
1496.2182462735784,40.224684725751885,0.0172522143204571,0.021544044166417683,0.6243209113664889,0
1492.8887314520116,40.93259083187309,0.02429793943489901,0.021613056857344513,0.7079061061212073,0
1496.7671355787875,38.58163426706697,0.018064346751052427,0.02153492471937214,-2.3509565648061255,0
1494.592259981928,38.23919118801923,0.01977294391033881,0.0207855887787455,-0.3424430790477402,0
1508.4357081753628,38.47434368542991,0.020126942102712053,0.021467585888878333,0.2351524974106809,0
1504.4081987847474,41.26258410342718,0.010401634219011718,0.0201612899992637,2.7882404179972724,0
1499.960136793417,39.448141854107554,0.019930811269528816,0.020457301536596025,-1.814442249319626,0
1507.39972069445,42.55819928566825,0.016551361129679133,0.019252748696460292,3.1100574315606977,0
1500.386841538238,39.43575240134261,0.01753438588800114,0.018009929608676346,-3.1224468843256403,0
1495.6935789933586,40.18455130319704,0.027218160017344072,0.019115073904302428,0.7487989018544283,0
1507.6156203863484,41.54210995256788,0.013717465528603718,0.01876159902511709,1.3575586493708371,0
1502.6945502184233,42.006092888159124,0.02406602593373989,0.018738407675001175,0.4639829355912468,0
1494.8137692283676,42.0615035766364,0.018605185348340957,0.01879249153473003,0.055410688477273595,0
1499.048306609582,41.20836623059314,0.01860119915752083,0.01867531705944823,-0.8531373460432548,0
1495.6219087330762,41.02406252581146,0.023951859480258558,0.019057808797202883,-0.18430370478168356,0
1493.0860013451784,40.592526949201186,0.021700256472844452,0.020187671022586156,-0.43153557661027264,0
1504.6308877376582,40.77836107616664,0.07285306498609766,0.02547989639424304,0.1858341269654531,0
1509.5470832023507,39.44881428367147,0.07484092330266431,0.03130885261154156,-1.3295467924951723,1
1493.0071621309044,39.181801116577695,0.06834345808408339,0.03638975983114978,-0.2670131670937721,0
1502.8148461834528,39.99662554258905,0.06693881632746125,0.0403618254621615,0.8148244260113557,0
1496.7467871543909,39.82981537747507,0.06457424736721101,0.04544750364602223,-0.16681016511397928,0
1497.5643730811764,39.54677195067273,0.06587294735010522,0.049628195787658765,-0.28304342680234384,0
1497.0380303788056,40.696387447456715,0.08474547212654363,0.05624222446547903,1.1496154967839871,1
1495.680046151601,40.95530520857051,0.07622339790368393,0.06200444434009535,0.2589177611137927,1
1500.242608139724,40.08840688629185,0.0632446281689599,0.06593372120896548,-0.8668983222786579,0
1495.8452494179448,41.477530081055264,0.06338771021628214,0.07010246658330924,1.389123194763414,1
1501.352284128899,38.858310885866494,0.07240933030859246,0.07005809311555873,-2.6192191951887693,1
1499.7488094527544,39.806340540720285,0.07273632398688984,0.06984763318398127,0.9480296548537908,1
1498.8052597656679,39.2831776793972,0.07274441917658683,0.07028772929323161,-0.5231628613230868,0
1495.462181689792,38.13346338292694,0.06872522103223151,0.07046636976370865,-1.1497142964702576,1
1497.1161433471584,39.917319314157304,0.06937272869998551,0.0709462178969861,1.783855931230363,1
1503.7769561291288,39.87825249161671,0.0716393976207968,0.07152286292405526,-0.03906682254059035,1
1502.5045859381219,41.513449743242134,0.07042946503146666,0.07009126221454756,1.6351972516254207,1
1495.1122237760073,40.63081168455478,0.058903498136262326,0.0683592722378054,-0.8826380586873555,0
1500.4966615271462,38.975813175670794,0.06885100184712403,0.0689199096056218,-1.6549985088839847,1
1503.756935616859,41.85409256633419,0.06574296782869843,0.06915543536686344,2.878279390663394,1
1491.6529735943932,41.22103369552535,0.07087605709454256,0.06900210804545845,-0.6330588708088385,1
1502.7168009618997,40.58209770346861,0.08492629501301704,0.07022110514807117,-0.6389359920567372,1
1496.6868812052708,39.77351590115017,0.07183740832737152,0.07013040406314965,-0.808581802318443,0
1502.8529933429659,39.04056076327652,0.06843235156913802,0.07010111711684029,-0.7329551378736525,0
1496.1837042172874,39.62779322392895,0.07460900750988626,0.07062474499783036,0.5872324606524302,1
1490.9755894966775,41.088748619704184,0.07241343943604607,0.07070214917935529,1.4609553957752368,1
1491.8622878105841,41.88458630593461,0.0721004724522592,0.07086924992143455,0.7958376862304277,1
1500.240424733307,41.543243528272185,0.07303425296607835,0.07228232540441615,-0.34134277766242604,1
1501.2986125086074,39.51115057821372,0.08028271782414771,0.0734254970021185,-2.0320929500584626,1
1495.478416874478,38.88038256671099,0.06434555782337043,0.07328575600158571,-0.630768011502731,1
1503.192962293887,40.1408862469112,0.07236816038405727,0.07343496633053719,1.260503680200209,1
1491.6923996886553,38.23156063443715,0.0653680943500923,0.07147914626424472,-1.9093256124740492,1
1499.6696010067635,40.323167714184784,0.07277756323171125,0.07157316175467869,2.0916070797476323,1
1493.9449190011878,39.85239741370133,0.06540656744256954,0.07127058334202183,-0.47077030048345136,1
1496.7408194609893,39.533963498131754,0.06791316593197458,0.07060099918423067,-0.3184339155695781,0
1500.2369933565822,38.40529693273321,0.06852455042881048,0.07021211028350711,-1.1286665653985466,1
1495.6979331735802,40.51360010656972,0.07487908359672354,0.07048997139795354,2.108303173836511,1
1498.077222278851,39.46729916033809,0.07459227221971207,0.07064577332331692,-1.0463009462316322,1
1505.0314640460722,38.83008316428971,0.06377141311776809,0.06899464285267895,-0.6372159960483756,1
1497.1155406523842,37.12773778671835,0.07027467055499925,0.06958755412584183,-1.702345377571362,1
1504.1784605603257,39.97248509494936,0.06645210072625414,0.06899594816006152,2.844747308231014,1
1494.351465726712,41.77225159666975,0.06370747544662334,0.06882988626971462,1.7997665017203843,1
1502.6490208895764,41.66125921454787,0.06891491474787816,0.06844362142133133,-0.11099238212187856,1
1507.2078431032894,39.54290374341373,0.0684575860577209,0.06874872328284645,-2.1183554711341372,1
1487.6417774993636,39.39778793963822,0.08213358243172761,0.07017076493282176,-0.1451158037755107,1
1496.0155237226477,40.46877425607502,0.07216479912680349,0.07053478980262105,1.0709863164368016,1
1502.8853606359028,39.00161456081171,0.06311191249622881,0.06935807269257158,-1.4671596952633124,1
1498.984773069785,40.30179189981946,0.0671761299791453,0.06861645846851491,1.3001773390077531,0
1501.8557293668566,40.76608027838469,0.075106916477147,0.0697500088044528,0.46428837856522875,1
1496.980074066421,41.22693322388431,0.08044221386434963,0.07076676313538785,0.4608529454996173,1
1500.4329489373645,39.89984592352005,0.01207008343881021,0.06532856140664345,-1.327087300364262,0
1499.2216138230397,39.79632624982303,0.010600378074304775,0.06001785166941158,-0.10351967369701498,0
1505.838910308299,39.12201741324344,0.029354825876858913,0.056061842782309655,-0.6743088365795913,0
1501.272104216506,39.17311964596014,0.02194807088685452,0.051410891265223024,0.051102232716701224,0
1501.688013310376,39.77352110809847,0.015658536340618166,0.044763386656112084,0.6004014621383291,0
1497.9406151693877,40.36736550681618,0.022673145430612177,0.039814221286492944,0.5938443987177067,0
1497.5619688796376,40.91358462623325,0.006821261304915612,0.034185156167361626,0.5462191194170742,0
1497.8372090609018,39.19682104931965,0.020016877532985804,0.029469230922745678,-1.7167635769135998,0
1501.9722607118915,41.49268856895952,0.021639105864215427,0.024122449861452525,2.29586751963987,0
1497.8950775958988,39.72887639895743,0.02462135069768915,0.018540363544786474,-1.7638121700020903,0
1501.4488742844821,39.97863270565156,0.01493052023853731,0.018826407224759187,0.24975630669413107,0
1510.3770039932272,39.252788320852176,0.020428435807016795,0.019809212998030387,-0.7258443847993874,0
1504.3556235171584,37.57575973972706,0.015372876869702064,0.018411018097314703,-1.6770285811251142,0
1498.3698823391608,40.88404539636105,0.021276918778371585,0.01834390288646641,3.3082856566339913,0
1506.0060696108196,40.736843897092434,0.01552326838818488,0.01833037609122308,-0.14720149926861836,0
1497.9596231348924,39.71867244288179,0.017959495804198897,0.017859011128581754,-1.0181714542106448,0
1489.8093773241108,40.06699071722487,0.015020923026048856,0.018678977300695076,0.3483182743430788,0
1494.959568445413,40.5159392177041,0.023255681209118285,0.019002857668308323,0.44894850047923285,0
1490.6460403948706,38.437454143113456,0.024292255583283327,0.019268172640215114,-2.0784850745906454,0
1498.2424325797936,39.47094732265371,0.01882689715021293,0.018688727285467492,1.033493179540251,0
1500.0920918959478,40.794264679621826,0.02019118997480014,0.019214794259093775,1.3233173569681185,0
1508.3821865613763,38.74571057683075,0.01275704292683228,0.018447654971075325,-2.0485541027910728,0
1501.6346368688207,40.29355793216663,0.018501616759966064,0.018760528960101726,1.5478473553358754,0
1498.9044973559558,38.6434181953766,0.019748976914791275,0.01860773477374369,-1.650139736790031,0
1504.1470279059174,40.466429982433525,0.033103965455149875,0.020365804480440192,1.8230117870569273,0
1488.9443234549606,39.964358517702514,0.014440164871129181,0.02001387138713322,-0.50207146473101,0
1501.1780727905427,38.38486818409449,0.02732088619376219,0.021243867703904556,-1.579490333608021,0
1503.8543259694347,41.16473935445717,0.02498429386732904,0.021416728969725633,2.779871170362675,0
1492.6070687711008,39.265408423201954,0.021403182022450683,0.021127821613642368,-1.8993309312552142,0
1505.7187702160347,39.189747562985616,0.028793102420975665,0.02212444214071864,-0.07566086021633822,0
1501.692482037472,40.20056919723094,0.021860527363034316,0.022291375879542056,1.0108216342453247,0
1497.923560430496,41.14863734942872,0.021945795978339643,0.023210251184692793,0.9480681521977772,0
1503.1639093305314,38.984178181021605,0.019734396734912275,0.023333529182187417,-2.164459168407113,0
1511.353464289022,40.06167984984797,0.02611784441209314,0.0239704159319176,1.0775016688263648,0
1500.9093312752925,40.428816500330576,0.02548234616905442,0.023208254003308053,0.3671366504826068,0
1501.2411029315017,40.69310560726314,0.016871613562518938,0.02345139887244703,0.2642891069325657,0
1497.7031955022987,40.17644155527722,0.013403764027006163,0.022059686655771425,-0.51666405198592,0
1495.750778152676,39.63297216091668,0.018985096813021716,0.021459766950340693,-0.5434693943605424,0
1504.1516790827213,39.17240977935128,0.01599980717801177,0.020919429465896804,-0.46056238156540275,0
1495.7195808704557,40.086143883046375,0.019682377126923226,0.020008356936491563,0.9137341036950986,0
1500.357831186097,38.927860988014395,0.026187190673420697,0.020441023267530202,-1.1582828950319808,0
1497.6117127661744,37.07864951650539,0.01771349172456605,0.02001779284215284,-1.8492114715090011,0
1502.394899128732,40.43655980415767,0.019785883093442126,0.020022941478005825,3.357910287652274,0
1501.6683105264347,40.9039348410862,0.020290113674041977,0.01944016840420071,0.4673750369285301,0
1505.1876997212894,37.637067564458164,0.024242154411026423,0.01931614922839791,-3.266867276628034,0
1497.4499180057262,38.99026929529006,0.008765553330076973,0.018505543205153713,1.3532017308318984,0
1498.6506253235332,40.6191542610052,0.016966498526173518,0.01886181665507045,1.6288849657151374,0
1495.1061814210884,42.0574954697117,0.021056418461397365,0.019068948819908012,1.4383412087064968,0
1497.7785336996194,40.02079370767541,0.026000394782134305,0.020069007580320267,-2.0367017620362873,0
1501.8865024652243,39.271997058770864,0.017540487762468974,0.019854818643874842,-0.7487966489045448,0
1503.7849430832268,39.81710355889516,0.01061723646979063,0.018297823223511832,0.5451065001242981,0
1495.389173379112,41.37487641914819,0.02309855722983068,0.018836329774038298,1.5577728602530243,0
1504.3480296005282,39.35403582087547,0.016823188055871855,0.01854006027028127,-2.02084059827272,0
1506.7781892940247,39.20080799334975,0.014051666704548195,0.01791621557333189,-0.1532278275257184,0
1502.0671745161185,39.517256477817966,0.01687827305143388,0.017179827437372636,0.3164484844682178,0
1509.3839790627903,39.046671391741285,0.019077373211720754,0.018211009425537016,-0.4705850860766816,0
1496.1310540044822,40.122670315994796,0.016976276677308937,0.018211987240650557,1.0759989242535113,0
1493.7767264834429,41.62467845846956,0.008972169714504654,0.017003562365961285,1.5020081424747644,0
1491.1063987554785,40.32307927311603,0.02448533098443566,0.01685205598619142,-1.3015991853535311,0
1507.480221557446,39.74764649787371,0.026374375206393613,0.017735444730583885,-0.5754327752423194,0
1503.2718282817702,39.708188731084455,0.02325760995669753,0.018999482079274578,-0.03945776678925483,0
1499.7220766454477,38.43680919130334,0.014311571647875918,0.0181207835210791,-1.2713795397811154,0
1501.399843131599,40.88310977714716,0.01899254233026241,0.018337718948518156,2.4463005858438223,0
1494.372554763508,39.922162802987195,0.01996739342385271,0.018929291620448603,-0.9609469741599668,0
1512.228759898084,39.819520086409376,0.02299397194780955,0.01954086151008617,-0.10264271657781876,0
1500.646105909876,43.19310756784486,0.023341702443590406,0.01996729443327314,3.373587481435486,0
1500.5469739730245,40.298752908365685,0.01632913100610752,0.019902579866152997,-2.894354659479177,0
1503.6288331194935,39.248208949904814,0.020409977782067802,0.02104636067290931,-1.050543958460871,0
1502.4050461586835,39.57364240379446,0.022286402023076204,0.020826467776773366,0.3254334538896444,0
1501.1194201213957,41.14844570919676,0.027279111610733833,0.020916941417207388,1.5748033054022983,0
1496.0476277227735,40.113270410537766,0.023522532699123615,0.02094343369145,-1.0351752986589915,0
1502.35734178568,38.561722021682634,0.023945283436877594,0.021906804870350162,-1.5515483888551316,0
1509.410122482375,40.9192289345752,0.020419133139646804,0.022049463951288605,2.3575069128925676,0
1506.7271002307748,39.33185591446101,0.02705229572601752,0.022757954181505086,-1.5873730201141925,0
1507.965933133197,41.87329777621755,0.022048813979797487,0.02266343838470388,2.541441861756539,0
1497.4439216178441,41.08004806571465,0.015694560449132148,0.021898724185258053,-0.7932497105028986,0
1495.051975898707,39.55267810434125,0.027016849850625954,0.022967496069709898,-1.5273699613734024,0
1499.3710653995017,41.28101636173511,0.02348951636269514,0.023275449927772633,1.7283382573938653,0
1500.2786245614434,40.0678555105274,0.01778477989435759,0.02282528771490077,-1.2131608512077108,0
1505.4709575923548,40.85277367512222,0.017602535163003783,0.021857630070127764,0.7849181645948207,0
1491.5376768514259,40.48473281729447,0.02148287772570381,0.021653664572785784,-0.36804085782775076,0
1507.647751597303,39.15364334500913,0.022315923976337925,0.021490728626731816,-1.331089472285342,0
1499.209960507105,39.35645016768254,0.02098646132815603,0.02154746144558274,0.20280682267340921,0
1497.865594650263,41.02996081758116,0.021556543367214423,0.02099788620970243,1.673510649898624,0
1494.9394781236992,39.66522466789346,0.028499786872881905,0.021642983499010872,-1.364736149687701,0
1491.7257166406712,39.596351536758,0.02535771576117443,0.0226092990302151,-0.06887313113546156,0
1504.1158529198096,39.04487742065065,0.020953177956325123,0.022002931840785014,-0.5514741161073502,0
1500.366589835942,40.423599065593464,0.024706552903837418,0.022124635494899243,1.3787216449428144,0
1493.5501955012946,42.062524919243145,0.014837380482362304,0.021829895553699713,1.6389258536496811,0
1493.524606139682,38.93246708574573,0.021989635249734046,0.02226860556237274,-3.1300578334974176,0
1498.3210765035494,40.02421945667276,0.029046531748665554,0.023024970964668913,1.0917523709270327,0
1508.3451076264469,41.41222055541543,0.018909770523038133,0.022684355619338938,1.38800109874267,0
1498.702043243182,39.920358608754285,0.015761830356904576,0.02216189252221379,-1.491861946661146,0
1492.4842852344095,40.452371796249736,0.016739555557034696,0.02168019374119582,0.5320131874954512,0
1498.7712846795703,38.93760647185312,0.014551834813288058,0.020285398535236435,-1.5147653243966133,0
1498.6363821512616,40.42830709720765,0.016076190459361483,0.01935724600505514,1.4907006253545276,0
1486.515566785292,39.81285573499545,0.018147459507049855,0.019076674160127614,-0.6154513622121982,0
1499.7285256674108,40.98572999567986,0.01297216490410679,0.017903235360154552,1.1728742606844094,0
1498.8453273489565,41.18738605156475,0.020078091669748017,0.01842730647889312,0.20165605588488944,0
1503.481031824067,42.58956364201861,0.024511385868933235,0.01867948154081304,1.40217759045386,0
1509.2447804747267,40.57963317321357,0.015461219099265398,0.017320950275873024,-2.009930468805038,0
1505.6328251477387,40.325796316582164,0.027596419618208846,0.018189615185390095,-0.2538368566314091,0
1498.6555565472258,40.19438430157734,0.022553960442637973,0.018868828193963433,-0.1314120150048268,0
1494.4673704562917,39.64683370718931,0.025152902928120287,0.019710162931071994,-0.5475505943880279,0
1512.8667990162494,40.33848384346169,0.016710827230739314,0.01992606217281712,0.6916501362723793,0
1500.2960921700724,39.70459858986097,0.02427262613533308,0.020745705740414278,-0.6338852536007167,0
1500.0696464595646,40.168460976269614,0.014540330498023436,0.02038499283951164,0.46386238640864264,0
1499.87937456445,41.31759753560796,0.024451237504182544,0.021532900099519213,1.149136559338345,0
1500.9904238038393,38.99345743472036,0.020859196698967658,0.021611010602441177,-2.324140100887597,0
1499.2781979403803,41.139878561129045,0.02276625609992392,0.021436497625540243,2.1464211264086828,0
1497.1316899655988,41.31711506733986,0.014122026971875742,0.021302578412801282,0.17723650621081788,0
1497.265705293798,39.88193147300892,0.015524650788616976,0.020095401529842093,-1.435183594330944,0
1499.83623364892,37.878145100991404,0.022986141091266926,0.020138619594704987,-2.0037863720175153,0
1497.282876144331,39.39217801290557,0.015258259978878997,0.01914915529978086,1.514032911914164,0
1496.435771086614,41.29699454656111,0.022316031460495614,0.01970967572275649,1.9048165336555414,0
1500.5321511384595,39.97713193770112,0.01316431096769877,0.01859884420599306,-1.3198626088599923,0
1498.7251139128957,39.00069776770509,0.024240871063333343,0.01956889826252405,-0.9764341699960255,0
1507.5199649429135,39.49522507877178,0.013837383426157455,0.01850751285472154,0.49452731106669034,0
1486.7451509580349,40.84062002650455,0.022761499688397618,0.018697743153664535,1.3453949477327711,0
1505.4575342596122,40.54673356820138,0.023128154668230004,0.018733933010495144,-0.2938864583031702,0
1506.2304259624882,39.761067900830305,0.016516140907852125,0.018973344404092783,-0.7856656673710773,0
1489.6330488379592,39.63317558818531,0.022910132835423636,0.019711892608773447,-0.12789231264499534,0
1498.2865620295981,39.608241850956176,0.02130221131666778,0.019543499631313535,-0.024933737229133612,0
1498.142795670021,39.0775898155015,0.017305790719036308,0.019748252705329268,-0.5306520354546791,0
1492.9624415264109,41.615375689469445,0.014957226579618961,0.0190123722172416,2.537785873967948,0
1496.1109165620455,39.67767953078866,0.010186871541637105,0.018714628274635433,-1.9376961586807866,0
1494.4471207726708,41.2171585208255,0.02174825023649847,0.018465366191951944,1.5394789900368409,0
1508.7613522171182,41.521316051922454,0.012175986143189724,0.018299226463655175,0.30415753109695487,0
1504.6783919657373,40.99831089814796,0.02047672099720654,0.018070748594536064,-0.5230051537744913,0
1506.3577754749708,39.568379687281954,0.018682758919588753,0.01762620901967194,-1.429931210866009,0
1503.6083603202162,40.40373009033661,0.023395713877190978,0.018314166316605825,0.8353504030546546,0
1494.3547411439138,39.97580439360908,0.01848977250255068,0.017872130283318532,-0.42792569672752734,0
1497.3773986686012,39.09629813926987,0.018352761068264542,0.017577185258478206,-0.879506254339212,0
1502.4468728061395,40.324359281721605,0.023659353521441478,0.01821254153871872,1.228061142451736,0
1493.8893609555403,38.8209602088402,0.02167529014542059,0.018884347895298886,-1.5033990728814075,0
1503.564992150862,41.18767938846156,0.02158077978591389,0.020023738719726562,2.366719179621363,0
1498.7983730092094,39.535382702701604,0.02234633794904263,0.02008354749098098,-1.652296685759957,0
1498.1258959622521,40.20115965587284,0.01232213938396447,0.020098162815058454,0.665776953171239,0
1503.5547998410175,40.28328787154614,0.02378394339993491,0.020428885055331292,0.08212821567330053,0
1502.22131655743,39.74109502629592,0.02306234397006801,0.020866843560379218,-0.54219284525022,0
1498.1951691709046,40.58669380147528,0.014916584357117514,0.02001893060837187,0.8455987751793543,0
1505.7966490168212,39.52509634337748,0.018779597631628994,0.020047913121279702,-1.0615974580978005,0
1494.5946833620005,40.87129729745725,0.019803463561861846,0.020192983370639433,1.3462009540797695,0
1503.0796780347214,38.65402031975325,0.01932751607799134,0.01975979962629442,-2.217276977703996,0
1502.9655062898419,40.12637957954641,0.021669299832842673,0.01975920059503663,1.4723592597931585,0
1498.45226780343,41.938928999058284,0.02715683390915592,0.02031680600736083,1.8125494195118748,0
1501.6306651112106,38.999668675394425,0.025408833638364145,0.02062305557629298,-2.9392603236638593,0
1493.7444321180735,39.32225502947515,0.01343890403284297,0.020734732041180832,0.3225863540807268,0
1504.6201350960346,40.513907849658914,0.023110349951530246,0.020667372696340364,1.1916528201837622,0
1499.075489317785,40.179581781939596,0.026644666597677048,0.021025604959101267,-0.33432606771931717,0
1497.3863848974047,60.35063009927356,0.021934042603446013,0.02172735078373412,20.171048317333963,1
1505.2450461291844,60.48918713014766,0.025454902125929834,0.022394881233164205,0.13855703087410376,0
1496.4782815472863,60.63472146856177,0.030061352228503826,0.0234206700998284,0.1455343384141088,0
1492.9576935181822,61.10969984195622,0.02511854773053491,0.023999773265082756,0.4749783733944497,0
1492.2168541323804,60.409818656928515,0.021246542978208646,0.023957497579619354,-0.6998811850277065,0
1503.0300497567282,59.75874234538146,0.02522544237042377,0.02376435842574614,-0.6510763115470581,0
1493.5978532375186,60.67257370120273,0.020724439165484457,0.02329591897845817,0.913831355821273,0
1508.773970909922,61.89988193489521,0.02011951521642478,0.023963980096816353,1.227308233692483,1
1489.5903529605814,59.867366253617426,0.018242928821431338,0.02347723798380646,-2.0325156812777863,1
1508.4822818414502,59.02547069532936,0.02781706679416054,0.02359447800345481,-0.8418955582880656,1
1501.055087336013,61.10708066928697,0.015907856670289995,0.02299185941013921,2.0816099739576117,0
1499.516434440648,59.879618836046404,0.02766183862339058,0.02321255305988528,-1.227461833240568,0
1497.2754045659553,57.827330453985965,0.022499320618701857,0.022456349898905086,-2.052288382060439,0
1501.9956805717604,60.84742167715042,0.013003469125990293,0.021244842038450625,3.0200912231644566,1
1499.8118264878758,59.46467181404608,0.02183824646495711,0.02130401238712547,-1.382749863104344,0
1505.5165094100826,59.90946671769584,0.00949986746174188,0.019731454896257283,0.4447949036497647,1
1500.57113824331,60.33198033056902,0.023127540084155178,0.019971764988124356,0.4225136128731748,0
1500.7515088073094,60.190499679779066,0.024426157414944957,0.020402429207976372,-0.1414806507899513,0
1498.1819389389307,60.70945181713904,0.017038220221739734,0.020281958348007213,0.5189521373599746,0
1499.7152718813948,59.56451362943016,0.020617738479777912,0.01956202551656895,-1.1449381877088811,0
1501.5390088444603,60.513105798176085,0.02977078716875143,0.020948318566415096,0.9485921687459253,0
1491.4491580367169,59.74045332241608,0.017471266478690316,0.019929261351945067,-0.7726524757600046,0
1493.2590728894713,60.7388104808875,0.014705462064716998,0.019149875496546582,0.9983571584714213,1
1503.7163204701135,60.615367484013056,0.027408317012312992,0.02059036028517885,-0.12344299687444504,0
1500.8543271906397,59.06456129795541,0.029812935952653975,0.021387829233948538,-1.550806186057649,0
1499.0800833182366,61.08598211617503,0.02001847835923924,0.022439690323698275,2.0214208182196245,0
1500.092169665327,59.46403655488595,0.02505731517704178,0.02263266783298693,-1.6219455612890812,0
1501.7379085268083,60.80805779828115,0.026707379577654407,0.022860790049257878,1.344021243395197,0
1497.3012015984532,60.36728731340134,0.01628757883730808,0.022785725910814715,-0.4407704848798062,0
1496.1084763729884,61.838183676795126,0.01757347082316066,0.022481299145152987,1.4708963633937842,0
1500.9792262754884,59.77653401762815,0.026154372565773677,0.02211965768485521,-2.0616496591669744,0
1495.1081361119248,59.650683203881805,0.02842507139354255,0.023215038176340436,-0.12585081374634655,0
1502.0412637785723,59.980580394112266,0.022814404300871775,0.024025932399955912,0.3298971902304615,0
1491.4870819788107,59.69682021716572,0.015600928232489729,0.022845193521973586,-0.28376017694654365,0
1505.1457781866281,60.79994190194205,0.02993530555849721,0.022857430482557912,1.103121684776326,1
1502.3629874120652,58.383689391563415,0.01734514551094018,0.022590097197728004,-2.4162525103786336,1
1501.2801486715693,58.946317580853645,0.01832431109414274,0.0219167967894381,0.5626281892902298,0
1504.9134549197277,58.932197078420806,0.021711689172448107,0.021417227748917474,-0.014120502432838578,0
1508.327372222313,60.950307591973576,0.027770802103573872,0.02256555007554405,2.01811051355277,1
1505.0718503250907,61.710613372581925,0.02426987988276112,0.023235190981504096,0.7603057806083484,0
1490.7956288433418,59.895550781462525,0.022074327501809553,0.02282718647510768,-1.8150625911193998,1
1493.6021151663215,59.831178276809986,0.02231644265059053,0.022216323600812483,-0.06437250465253896,0
1496.8759071115217,60.07005216311318,0.020217573343217332,0.02195664050504704,0.23887388630319606,0
1500.1304552510542,61.16187830260819,0.02279069757259253,0.02267561743905732,1.091826139495005,0
1502.5882951023457,59.072646865809425,0.007352199611528484,0.020417306844360446,-2.0892314367987623,1
1496.3712809342326,60.238368982734784,0.01851696270465101,0.020534488563731527,1.1657221169253589,0
1500.9338338223854,60.97519762978243,0.021206609674583904,0.020822718421775643,0.7368286470476448,0
1496.2230853382334,60.50109416993985,0.014244929581902464,0.02007604246272108,-0.4741034598425813,0
1496.9424109850402,60.189581616598744,0.0219316165890578,0.019492123911269473,-0.31151255334110317,0
1492.966694515759,61.001046092567144,0.018977643895069393,0.0189629003125003,0.8114644759683998,0
1495.3838337694456,37.29676770700076,0.02877737849157745,0.01963320541147709,-23.704278385566383,0
1493.2415769719182,40.677875319530905,0.02786509862607428,0.020188071009025466,3.381107612530144,0
1495.1206337351134,39.345924316872576,0.017670972154409187,0.01993341089014465,-1.3319510026583288,0
1505.2682089830391,38.16936710314354,0.019245811442166524,0.019578922277102048,-1.1765572137290334,0
1495.2530055558402,40.51120259952498,0.019630262171958037,0.020806728533145004,2.341835496381435,0
1513.161910324187,41.37365854516296,0.017741702619201886,0.020729202524600095,0.8624559456379828,0
1502.4665895044045,39.86255148537231,0.020975124920140635,0.020706054049155768,-1.5111070597906533,0
1500.9241806184743,40.95287454720294,0.016208589655562048,0.020902420056521726,1.090323061830631,0
1495.708211099094,41.61227825798865,0.014346923325312368,0.02014395073014718,0.6594037107857105,0
1503.501549397045,41.314914453584045,0.023113556119501343,0.020557541952590373,-0.2973638044046041,0
1497.121810868811,41.63996452937139,0.023147647921109054,0.01999456889554354,0.32505007578734535,0
1500.6100490732267,40.74212749107189,0.015978421201700038,0.018805901153106114,-0.8978370382994996,0
1512.800422691344,40.07543363890159,0.024476777153813,0.019486481653046495,-0.6666938521702974,0
1499.5197005013767,38.398034188102834,0.016842111354173343,0.019246111644247176,-1.6773994507987595,0
1505.7463666314284,39.75393751187005,0.021265826190189907,0.01940966804607036,1.3559033237672153,0
1496.4841178743707,39.156753404683805,0.02410172006306228,0.020045669790456404,-0.5971841071862443,0
1499.8250575475151,42.170942717497816,0.019831937176481435,0.019931351016090483,3.014189312814011,0
1508.8540031781777,39.824114187567666,0.02227370456070567,0.020537862506604842,-2.34682852993015,0
1496.8651647110612,40.123204806784486,0.01741785178056214,0.02084495535212982,0.2990906192168197,0
1509.0622427899846,40.55148537604047,0.019017667082859513,0.02043536644846564,0.4282805692559819,0
1503.5387596772773,40.043602446372454,0.0189707028455983,0.020017671940914562,-0.5078829296680141,0
1497.1876661205288,41.695051040430755,0.016267108267298807,0.02004654064747444,1.6514485940583015,0
1503.1620386952777,39.37735063826555,0.01911612918442109,0.019510475850535246,-2.317700402165208,0
1504.8627722481338,40.19460745523724,0.012256908505681268,0.019051955565686042,0.8172568169716925,0
1503.109049811086,39.25752941430195,0.017544231264289476,0.018679796073095997,-0.9370780409352903,0
1492.1488764005478,38.67997748877929,0.018575622533151648,0.018127186320104936,-0.5775519255226556,0
1496.3643141208756,39.388230909094716,0.0187191012375231,0.0180159027262091,0.7082534203154225,0
1498.7624068222424,39.962963202951585,0.018792512770646107,0.017667783547203143,0.5747322938568686,0
1499.6278328544997,39.57069777548274,0.019691179000699357,0.017895116269216867,-0.39226542746884263,0
1503.1033604877534,39.30757902012614,0.022397207590430318,0.018233070319973947,-0.2631187553566008,0
1500.8885050046663,38.59368253632817,0.024372585370662614,0.018773258572480377,-0.7138964837979742,0
1493.3232782064495,39.916894427371304,0.016751173865758664,0.018821665132326363,1.3232118910431367,0
1501.9009892550298,38.495279625969,0.013983995723054279,0.018308451786189683,-1.4216148014023062,0
1503.0529287264192,40.7600559636896,0.014789777938784485,0.018561738729500003,2.2647763377206047,0
1502.7989522396551,40.082439752934505,0.017563985394025365,0.01856371414247359,-0.6776162107550974,0
1505.4039036277732,38.542448500535066,0.018240393410917453,0.018530191230250175,-1.5399912523994388,0
1504.1696107727446,39.690790922950136,0.016150019669012715,0.018273283073399135,1.1483424224150696,0
1502.295900396142,39.24784359440942,0.013519416678750527,0.01774597346420958,-0.4429473285407184,0
1499.6491714427068,40.31917451041918,0.01771939586262906,0.01754879515040255,1.0713309160097637,0
1491.69519533242,41.34045044602315,0.020907133100569856,0.0173997877014165,1.021275935603967,0
1502.148091095663,38.12482753035425,0.022975147329177825,0.017260043897268023,-3.215622915668895,0
1501.0384384358156,40.11502607914742,0.017212884734458395,0.017306214984137997,1.9901985487931668,0
1501.3578941859769,39.83986720443336,0.01793501088928283,0.01770131650076085,-0.27515887471405875,0
1493.6162571208984,40.67134007645046,0.015366508455763445,0.017758989552458745,0.8314728720171018,0
1494.5947172979586,40.21319662823769,0.019842804148126118,0.01798687142786882,-0.4581434482127733,0
1505.2657642666645,39.24803066826118,0.015757856829045926,0.01773861776968167,-0.9651659599765097,0
1499.8022242307168,39.680946064333384,0.022865639066206,0.018410179709401,0.43291539607220386,0
1503.407503486863,39.20397414319651,0.011070667540329444,0.01816530479555889,-0.47697192113687237,0
1500.1415918806524,41.0760071385986,0.018201851637737687,0.018213550373069754,1.872032995402087,0
1500.1487806974787,40.02131164867194,0.02150553669595871,0.018273390732608637,-1.054695489926658,0
1504.69141902988,41.90119068575301,0.020919172581612522,0.018067793257852106,1.8798790370810678,0
1497.4197763589132,39.93933918618538,0.03346516831990248,0.019693021616396515,-1.9618514995676293,0
1500.4806038847048,39.291593233089536,0.021749000122839538,0.020074420539752186,-0.6477459530958427,0
1497.6886235564748,38.486285607387174,0.01497972701578995,0.020035742395754837,-0.8053076257023619,0
1497.8275188628384,38.196860323744055,0.019522678764554637,0.02000372985739769,-0.28942528364311926,0
1498.4541393826569,38.41586405699451,0.011118768332667742,0.01953982100775987,0.21900373325045308,0
1501.1106688581685,40.26712665101148,0.019597001253516197,0.01921295722649089,1.8512625940169727,0
1497.6062568916825,40.508725023229935,0.015834719714996205,0.019689362443957564,0.24159837221845493,0
1506.2787806278675,38.41880929796787,0.02457695137780081,0.020326872417963878,-2.089915725262067,0
1495.5269634889025,40.89503831407612,0.017252298627022326,0.01990154861107024,2.476229016108249,0
1499.0656417791931,39.51693894831656,0.019416170421023768,0.019751248395011363,-1.3780993657595602,0
1497.8013447086291,40.14679301198555,0.016822210792977983,0.018086952642318917,0.6298540636689935,0
1507.2348894217687,41.61222062825542,0.028694256759266658,0.01878147830596163,1.4654276162698707,0
1500.982773882558,40.896839315865535,0.018393786169410443,0.019122884221323678,-0.7153813123898871,0
1505.1592226973432,39.731469352094166,0.029162785217396008,0.020086894866607814,-1.1653699637713686,0
1492.5721981348152,39.10880777458471,0.024070758810591335,0.02138209391440017,-0.6226615775094544,0
1501.3352513293462,37.8481845986707,0.02241033363667693,0.02166342715271625,-1.260623175914013,0
1504.4481539781173,39.28084668075758,0.021843665736587598,0.022264321754875385,1.4326620820868783,0
1500.411419946377,39.78886976117231,0.02196898649108126,0.02200352526620343,0.5080230804147305,0
1505.3274018753268,39.012820472848816,0.01036163710327195,0.021314459113828392,-0.7760492883234917,0
1497.413557749498,39.868743032907695,0.01860558302924622,0.02123340037465064,0.8559225600588789,0
1507.046737200928,40.07685188295877,0.02422578985592161,0.021973758280945,0.20810885005107593,0
1511.4944906180963,39.775144018191924,0.01975551408262947,0.021079884013281282,-0.30170786476684697,0
1498.1858071978018,39.34999741917654,0.012974050765982126,0.020537910472938452,-0.42514659901538465,0
1497.7724873929963,40.16865467196673,0.019737977747112653,0.019595429725910114,0.8186572527901887,0
1507.2669223855885,40.44194064956941,0.028520527581277457,0.020040406602978726,0.2732859776026828,0
1507.8978607286535,38.90960092255715,0.0262344585776736,0.020422819097078392,-1.532339727012257,0
1497.3856998642336,41.41093237974627,0.01968997995316984,0.020207450518736618,2.501331457189117,0
1497.8990659145206,39.90141186771574,0.024757246385290435,0.020486276508157535,-1.5095205120305337,0
1498.5910769556974,40.01884962294485,0.018167464898159742,0.021266859287646316,0.11743775522911193,0
1493.2777474448287,40.70821442325656,0.011480642065866405,0.020554365191308332,0.6893648003117079,0
1495.406740267579,40.233216131263504,0.015377670059352228,0.019669553211651394,-0.4749982919930531,0
1494.9792961662397,40.953136633913246,0.02781444384254099,0.02047544618764255,0.7199205026497424,0
1496.1610121744793,40.287124165201824,0.01863003459085348,0.02104104457012968,-0.666012468711422,0
1499.8265755630662,39.387562625359564,0.01878308010312491,0.02094555480573091,-0.8995615398422601,0
1501.1710736626826,40.3615035252061,0.018500809018625598,0.019943582949465723,0.9739408998465393,0
1507.7525024640704,38.85627379267934,0.029520682947865036,0.020272205386484866,-1.5052297325267645,0
1495.008229796306,40.10855970577652,0.028129794576810314,0.021116186848848913,1.2522859130971824,0
1504.9216119923829,39.96677000935554,0.03109390116724067,0.021749852327043937,-0.14178969642097883,0
1498.9300557788724,39.79188314272746,0.019204773947999743,0.021853583232027938,-0.1748868666280856,0
1499.7526814517378,39.87146248856107,0.021478122443735474,0.022853331269814845,0.07957934583361492,0
1503.3740974608331,38.11815095450236,0.012416787252896045,0.022557242989169227,-1.7533115340587102,0
1494.3863898921886,39.45127509225904,0.027384672130591373,0.022514265817974267,1.333124137756677,0
1501.9120487309203,40.09284490114111,0.014161102243660326,0.02206737258325495,0.6415698088820747,0
1500.8322610410653,40.1598563919974,0.021083877818813147,0.02229745235482377,0.06701149085628799,0
1502.4622563200408,38.97232485907404,0.014513487361835779,0.02189872018914479,-1.1875315329233587,0
1501.445843219539,41.2657078408647,0.01705566586630652,0.020652218480988936,2.293382981790657,0
1512.2765006995544,39.1338251517855,0.015813687844751498,0.01942060780778306,-2.131882689079198,0
1496.8113000787434,40.96945720052673,0.01696062369662091,0.01800728006072108,1.8356320487412319,0
1497.345015224991,40.427194361871685,0.017304386484255106,0.01781724131434662,-0.5422628386550485,0
1496.8842973678761,39.3537726901562,0.017258656025374616,0.017395294672510532,-1.0734216717154865,0
1497.2226144041988,41.77531089260951,0.024166669558901538,0.01857028290311108,2.4215382024533127,0
1496.8130643634674,38.80636316824352,0.0144756860346874,0.017279384293520682,-2.9689477243659894,0
1505.9450826555378,40.91915417361,0.021102707135069336,0.017973544782661586,2.112791005366482,0
1507.1025212399493,41.00058231804298,0.02608979576152779,0.018474136576933052,0.08142814443297652,0
1497.1462685312526,39.329379790923355,0.017434018177433022,0.018766189658492773,-1.6712025271196254,0
1495.8382221344789,41.39246530006433,0.01641040554626199,0.01870166362648832,2.0630855091409757,0
1502.357077781932,39.74995348540105,0.018847376874098747,0.019005032529423045,-1.6425118146632798,0
1497.238884778595,40.288693629279855,0.02589862604180355,0.01989883276394131,0.5387401438788046,0
1503.1646590887776,40.26032183877122,0.02097053815476679,0.020265447930992476,-0.028371790508636252,0
1501.0146151042566,39.86569125852945,0.017343928526962007,0.02027397518115122,-0.3946305802417669,0
1492.4212794250138,40.81080827315978,0.0224193832559402,0.020099246550855085,0.9451170146303269,0
1507.7375260066503,40.79348872055221,0.014488539250817884,0.020100531872468134,-0.017319552607567346,0
1508.9793883654777,38.25146802676182,0.02340679755221474,0.020330940914182673,-2.5420206937903913,0
1496.9360565475781,41.304340242878155,0.022043036538508837,0.019926264991880778,3.0528722161163344,0
1498.0614922003201,38.337508011964324,0.01846095764430558,0.020028958938568032,-2.9668322309138304,0
1501.4293269536245,41.03254620434166,0.015807071007763844,0.01996862548471822,2.695038192377332,0
1501.672283949935,41.12670513682758,0.015566595388582714,0.019640547336166613,0.0941589324859251,0
1503.292721363364,38.9090335697848,0.02267408668172955,0.019318093400159213,-2.2176715670427782,0
1510.0510226938318,39.58918571204541,0.02614490251244531,0.019835529835927068,0.68015214226061,0
1499.1152638625297,38.894295331514066,0.016813461264856028,0.01978248310971647,-0.6948903805313478,0
1496.0085137773078,39.785078969711265,0.02229193351775742,0.01976973813589819,0.890783638197199,0
1493.1034038599273,39.691965715814256,0.009564864906989656,0.01927737070151537,-0.09311325389700897,0
1496.3453498002905,40.77966053226934,0.017076911346714,0.018644382080965295,1.087694816455084,0
1499.834365135631,41.31030874611961,0.01984470533564549,0.01842454896067896,0.5306482138502702,0
1508.9727893175889,41.395683810789954,0.015451582915090831,0.018123611487757485,0.08537506467034461,0
1497.4119435048192,39.437831973421694,0.01531746812605202,0.018074651199586303,-1.9578518373682599,0
1501.1189397581945,39.790778126255475,0.01666110221765557,0.01818410188249359,0.3529461528337805,0
1499.9178855196362,38.31656180777905,0.021460963641631865,0.01806278957848382,-1.4742163184764223,0
1505.9419663672404,39.19412993350381,0.019063354907968125,0.0173546348180361,0.877568125724757,0
1512.634662129368,40.96485163309746,0.00880884383337514,0.01655417307488801,1.7707216995936506,0
1497.3456561353985,41.61558282354823,0.00939649923682467,0.015264629646794736,0.6507311904507702,0
1497.5528027874088,38.765651128120076,0.016965674110714122,0.016004710567167187,-2.849931695428154,0
1505.2208043853454,39.40753574084711,0.022288432930267763,0.01652586272552256,0.6418846127270328,0
1503.4094574481317,39.97359424304107,0.006262475786373827,0.015167639770595393,0.566058502193961,0
1509.2335366286802,40.28016115881961,0.01750134911924185,0.015372616391010497,0.30656691577853934,0
1502.9196409266299,39.190396480078356,0.017368760717412893,0.015577745650146583,-1.089764678741254,0
1498.2035395460648,40.42406104446409,0.02694168889104224,0.016605804317485248,1.2336645643857338,0
1502.9532741534615,39.526160652929086,0.018074890941435683,0.016267197047465633,-0.8979003915350035,0
1505.5435179029146,39.98554772912172,0.021914944923704643,0.016552356049039284,0.45938707619263397,0
1504.1024109059867,40.5462842480037,0.020706285700437317,0.0177421002357455,0.5607365188819813,0
1502.5363701555366,40.00642226981094,0.009347167600963997,0.017737167072159436,-0.5398619781927607,0
1505.3333734479459,39.563614109473434,0.023841036083158688,0.018424703269403892,-0.44280816033750625,0
1505.8464779522283,39.89039019607417,0.021076982527281442,0.018303558229105257,0.32677608660073787,0
1506.9107949551876,39.911637040794666,0.02254134319837295,0.01993144497030517,0.021246844720494096,0
1503.243549437948,39.62998897011787,0.03963118853218163,0.022144428911599144,-0.28164807067679476,0
1499.1644095984157,39.7412039373329,0.009579435302507058,0.021365496370108563,0.11121496721502666,0
1500.7335684321665,41.59864717050472,0.028623483248805544,0.021533675805884896,1.8574432331718214,0
1506.0325448325418,40.56091944794124,0.01856276240299822,0.021582462952041147,-1.0377277225634813,0
1495.9153216450638,39.70451968197084,0.021436644522015047,0.02153463291187219,-0.8563997659704015,0
1501.8433665443645,40.696954404510734,0.01977243877349379,0.021441248219177835,0.9924347225398975,0
1498.0333059383631,39.66618051024399,0.017878818333009784,0.022294413292382416,-1.0307738942667442,0
1500.1437241146741,41.17312463758664,0.017150835358806207,0.021625393219947168,1.5069441273426492,0
1506.3922593130364,40.36964219219809,0.021647543677865047,0.021682449335005526,-0.8034824453885463,0
1500.9554953400996,39.89269785599577,0.012414131516641605,0.020669728166832393,-0.47694433620232246,0
1500.2321827407807,40.447716925810276,0.02375289583760883,0.01908189889737511,0.5550190698145059,0
1493.2007192951005,38.4291238479315,0.01791902797557373,0.01991585816468178,-2.0185930778787764,0
1503.7312678301362,38.873232531090196,0.014349653304798211,0.01848847517028105,0.4441086831586958,0
1503.2274209057055,38.806074993600944,0.017749935710020932,0.01840719250098332,-0.06715753748925124,0
1510.8162736165273,40.14294309476371,0.026285746084312864,0.0188921026572131,1.3368681011627643,0
1498.461108825235,41.73251499948509,0.017323324564918884,0.01864719123635561,1.5895719047213817,0
1501.0957516383196,42.23130014619263,0.021792268091048103,0.01903853621215944,0.49878514670754015,0
1501.2469184185538,40.63805110144076,0.016345218621422634,0.01895797453842108,-1.5932490447518717,0
1507.8872663988175,40.50084447494446,0.023789609249618097,0.01917218109559639,-0.137206626496301,0
1499.5235223380653,38.19894226584726,0.02342753869395102,0.020273521813327332,-2.3019022090972,0
1501.3951076288517,39.45732620026598,0.02924304416648206,0.02082253664621465,1.258383934418724,0
1503.0394825485828,39.212216248091764,0.01912218027250392,0.02094285187590767,-0.24510995217421794,0
1500.9330456157818,39.37915240174888,0.023343274023789534,0.021842213947806804,0.16693615365711878,0
1497.7678319272475,39.83185618141521,0.020490337697694722,0.02211625414657418,0.45270377966632935,0
1500.9704499644915,39.52790942230287,0.026479358909315073,0.022135615429074405,-0.3039467591123426,0
1505.3681587492988,38.020700189624215,0.01640583806195635,0.022043866778778152,-1.5072092326786546,0
1494.8674235029448,40.747910256117535,0.023725026564386405,0.022237142626111983,2.7272100664933205,0
1500.6648483707345,38.927256974260196,0.01902651351941659,0.022505272115911377,-1.8206532818573393,0
1496.499395925304,40.23924686411115,0.01967905911445751,0.02209421710239532,1.311989889850956,0
1505.9752331446243,42.07408266974997,0.020458762422241865,0.021797339475224404,1.8348358056388179,0
1492.384065476081,39.08061540841358,0.02126120198213339,0.020999155256789536,-2.9934672613363915,0
1497.205390763642,37.46971247725367,0.01941885478439021,0.021028822707978165,-1.610902931159906,0
1501.8860593753227,39.71399577811989,0.021073565915852632,0.020801851897184472,2.244283300866215,0
1507.8276201461717,41.100959634998574,0.02789059028781092,0.021541877156196095,1.3869638568786868,0
1499.671248694635,41.95834745422059,0.024927248428076094,0.021386666108072196,0.8573878192220192,0
1497.224002366534,38.770450405547585,0.024345772962484483,0.022180659598125006,-3.1878970486730083,0
1509.405785347203,40.49669922323652,0.017722302369880646,0.021580387178674432,1.7262488176889335,0
1492.7599304979187,39.53468954321995,0.015553795858858379,0.02123311541261861,-0.9620096800165712,0
1489.0059702168996,39.89405164569587,0.024776502791188766,0.02174285978029174,0.35936210247592015,0
1502.2000722502667,42.644343347017035,0.024380233962648972,0.02213500693433245,2.750291701321167,0
1497.489728878237,38.49702967160485,0.02736335337875491,0.0227452220739946,-4.147313675412185,0
1494.8938359143465,40.25373966149457,0.016980096870153852,0.022501346282570965,1.7567099898897212,0
1503.5417822364968,40.46769317176543,0.018852256723198266,0.02227921536330553,0.21395351027086207,0
1501.219003568856,41.08578632493935,0.01180257918737283,0.02067041425326172,0.6180931531739162,0
1497.1796068463163,40.09798315347089,0.018037644469695635,0.019981453857423673,-0.9878031714684568,0
1493.5984780066456,40.3080505395041,0.024982852552897235,0.02004516181646495,0.2100673860332094,0
1504.3622866414007,39.60835143257821,0.01766752310385901,0.020039683889862787,-0.6996991069258911,0
1503.2510058897933,40.269126941245105,0.02320239897600412,0.02080454420157736,0.6607755086668945,0
1499.5041206811031,39.65680772450259,0.019047484470010943,0.020231642369459575,-0.6123192167425131,0
1509.2331849802383,40.62157188985605,0.021620285141107802,0.01995564748730546,0.9647641653534578,0
1494.6495761683693,39.630389663956365,0.014261543050921664,0.018645466454522135,-0.991182225899685,0
1492.3723741453764,40.37710039390219,0.020426047248169505,0.0189900614923237,0.7467107299458249,0
1496.5404596505937,39.97073718631502,0.005044320145496384,0.017609267834553514,-0.4063632075871695,0
1499.7720699182225,41.12605025077217,0.019065519209190075,0.018335561836735237,1.1553130644571468,0
1501.2166972466134,39.94860627641151,0.0118476337814243,0.017716560767908104,-1.1774439743606564,0
1498.7938197107183,38.22696753179312,0.02602997258273408,0.017821272770891787,-1.7216387446183887,0
1501.7602769825714,41.26192150071399,0.023887036763822558,0.01844322413688814,3.034953968920867,0
1493.7423028790479,39.09426769913738,0.022333354909830405,0.01835631973027077,-2.1676538015766056,0
1507.2188230203662,39.34623366135118,0.0276050311357969,0.019212074396849365,0.2519659622137951,0
1499.589244108037,39.404338705956505,0.015255417395875815,0.018575587622326167,0.05810504460532684,0
1505.5864791579406,41.374438093170816,0.028736815989577794,0.02002311491619178,1.9700993872143115,0
1501.7136267318886,37.864325786021304,0.024660957821301923,0.020446605973505023,-3.5101123071495124,0
1502.283766095769,43.137748533659995,0.01881722356390527,0.02182389631534591,5.273422747638691,0
1502.848836401161,41.05605680906605,0.02567810073591472,0.022485154468018378,-2.081691724593945,0
1502.2385428000866,40.22323891412916,0.01446853243794183,0.02274724433367013,-0.8328178949368876,0
1503.2136137993377,39.94510599938371,0.015877429192361632,0.021731989994632883,-0.27813291474544855,0
1506.6457626506622,40.28555407485766,0.0169570513838015,0.02103899145663078,0.34044807547394385,0
1500.9826058485073,40.521122428379336,0.017355111459679926,0.020541167111615733,0.23556835352167838,0
1503.5450187879426,40.645215585950055,0.014717211786198735,0.019252385176655916,0.12409315757071937,0
1499.551321528564,40.55560446600345,0.026115415335476625,0.020338384970616,-0.08961111994660342,0
1507.2005860772474,40.08958068125525,0.01870572799815084,0.0193352761714733,-0.4660237847482023,0
1496.6180384897036,39.802661579692675,0.021762524841784398,0.019045432873521548,-0.2869191015625745,0
1509.0047021645541,39.84872671634649,0.017148243167931596,0.018878534833924182,0.04606513665381584,0
1499.7992102467783,39.80509171964732,0.010896983497257415,0.01740042311005845,-0.04363499669916848,0
1492.8461244894097,41.13377009686707,0.02135028679195711,0.018088598545459977,1.3286783772197452,0
1500.640522074554,40.59355672228086,0.010438725122901116,0.017544728138513925,-0.5402133745862088,0
1496.5947417126256,37.05961136533572,0.019656829769572656,0.017814705977091044,-3.5339453569451393,0
1504.2032177449437,40.65590077652976,0.013158424805835948,0.017395037311706642,3.596289411194043,0
1496.7368801034881,40.19473619471877,0.02993637999615404,0.018916954132702175,-0.4611645818109906,0
1497.7690828339262,39.981291243554104,0.02455681361087361,0.01876109396024187,-0.21344495116466788,0
1490.5522963452725,39.611481546911115,0.020528768956357402,0.01894339805606253,-0.3698096966429887,0
1497.7384684037547,41.124112719986016,0.026318533388273342,0.019398998910711424,1.512631173074901,0
1487.8806033668552,40.94752646212286,0.015768420112671322,0.019261016605185394,-0.17658625786315696,0
1492.0804858825713,39.22712233217639,0.022717396893350464,0.0204430579447947,-1.7204041299464663,0
1503.8020732807215,40.407052287124536,0.020999052168593567,0.020407934482458347,1.1799299549481432,0
1503.929000793254,39.028343265458716,0.02132010040666835,0.02149607201083507,-1.37870902166582,0
1502.1272878089248,38.62038183521107,0.026361767500533838,0.022166565783931187,-0.40796143024764575,0
1495.165119284354,39.37328277541003,0.02366246051389901,0.023216969354737497,0.7529009401989626,0
1499.7614432192902,40.862393472382756,0.021443618314125116,0.0223676931865346,1.4891106969727232,0
1499.9819873045471,40.95312504537608,0.01172556281885852,0.021084568107333092,0.09073157299332735,0
1494.2081765540372,40.51308542009729,0.015199768523602681,0.020551668064057622,-0.4400396252787928,0
1507.5169915088356,40.725095786847994,0.01938645533202138,0.019858460258432426,0.21201036675070384,0
1504.3868114528784,40.51617828711496,0.020466861871383257,0.02032830443430362,-0.2089174997330332,0
1498.8951791308516,39.35851840477705,0.01434898137663038,0.01949146288263161,-1.15765988233791,0
1500.1344291949727,40.43192254467394,0.0320583833778921,0.020597396003561464,1.073404139896887,0
1501.0419140397378,40.800409525227685,0.027581970276267864,0.021223582990521413,0.3684869805537474,0
1489.7913256578786,40.754291329813576,0.023010591601962418,0.02088846540066427,-0.046118195414109664,0
1498.764113087397,41.18891337147464,0.020360184306418724,0.020558237779916243,0.4346220416610649,0
1496.590078760011,40.708303847201066,0.018938955150494242,0.020307771463553156,-0.48060952427357506,0
1494.9918999505255,40.35144820754158,0.015240407699888821,0.02065925595165619,-0.35685563965948575,0
1498.5944985355702,41.07015023831643,0.020387402592594313,0.02117801935855535,0.7187020307748497,0
1508.9884326342476,39.97347874075094,0.021288762700713754,0.021368250095424587,-1.096671497565488,0
1503.204214306335,39.11812534877228,0.01379119712259188,0.020700683620545453,-0.8553533919786602,0
1497.144105051086,39.83693303605624,0.02167088208622449,0.021432873691504862,0.7188076872839559,0
1502.8629139067807,39.25509735519355,0.019223704755876255,0.020149405829303274,-0.5818356808626888,0
